id,first_name,last_name,email,gender,income,location,age,educ
1,Ferdy,Perri,fperri0@phpbb.com,Male,15872291.26,San Fernando del Valle de Catamarca,64,4
2,Sig,Suffield,ssuffield1@washingtonpost.com,Male,14136087.35,Lipce Reymontowskie,33,5
3,Constancia,Winkell,cwinkell2@behance.net,Female,7431651.82,Surat Thani,40,10
4,Deana,Haily,dhaily3@mlb.com,Female,16435097.77,Timiryazevskoye,29,9
5,Raddie,Popping,rpopping4@wsj.com,Male,19886434.88,Niopanda,65,5
6,Glyn,Denness,gdenness5@bluehost.com,Female,11161145.03,Lancaster,50,14
7,Rebecca,Ellsbury,rellsbury6@php.net,Female,1331263.98,Rancho Viejo,64,4
8,Gabriel,Stratz,gstratz7@usa.gov,Male,15407964.24,Cucutilla,54,13
9,Olly,Menaul,omenaul8@bluehost.com,Male,17932033.43,Pengbu,54,7
10,Marlowe,Cariss,mcariss9@foxnews.com,Male,14295751.99,Austin,52,9
11,Chen,Reddlesden,creddlesdena@dedecms.com,Male,16432859.35,Maguan,36,1
12,Adrian,Emery,aemeryb@gmpg.org,Male,4207634.75,Dake,32,5
13,Lou,Garnam,lgarnamc@state.tx.us,Non-binary,15450445.68,Verblyany,29,10
14,Mathias,Pulley,mpulleyd@uiuc.edu,Male,5028317.83,Caçador,43,6
15,Walsh,Riddoch,wriddoche@livejournal.com,Male,18519286.09,Gentilly,27,10
16,Waite,Giral,wgiralf@fc2.com,Non-binary,19711379.61,Murcia,43,14
17,Ryun,Cressor,rcressorg@oaic.gov.au,Male,4748525.65,Paços,39,11
18,Alric,Priestner,apriestnerh@studiopress.com,Male,13560590.42,Qinggou,65,13
19,Eudora,Foynes,efoynesi@pinterest.com,Female,8238484.28,Filabusi,58,13
20,Benny,Eadmeades,beadmeadesj@chicagotribune.com,Male,5572201.79,Kebon,55,1
21,Gilbert,Gillet,ggilletk@booking.com,Male,7141049.31,Susiec,21,14
22,Marlee,Burdon,mburdonl@fastcompany.com,Female,4111483.07,Nakhodka,25,7
23,Filide,Boam,fboamm@nba.com,Female,9212587.97,Quinocay,47,15
24,Michaeline,Kinny,mkinnyn@icq.com,Female,11511110.77,Ubatã,63,2
25,Noelyn,Tuffey,ntuffeyo@china.com.cn,Female,6884248.46,Hanghuadian,57,2
26,Torre,McKeurtan,tmckeurtanp@dmoz.org,Male,8488674.32,Mae Fa Luang,31,8
27,Gare,Barti,gbartiq@lycos.com,Male,15698876.20,Mari,43,8
28,Fields,Gianolini,fgianolinir@huffingtonpost.com,Male,2562124.67,Jianggao,57,15
29,Ivan,Roswarn,iroswarns@a8.net,Male,17376052.69,Jicomé,28,4
30,Darby,Hedan,dhedant@plala.or.jp,Non-binary,10571493.09,Macamic,50,14
31,Kissiah,Bugg,kbuggu@wunderground.com,Female,9027944.46,Zhashkiv,21,15
32,Frieda,Kunzelmann,fkunzelmannv@sfgate.com,Female,1288939.57,Kafr Takhārīm,64,7
33,Orbadiah,Wright,owrightw@reverbnation.com,Male,4840175.40,Mengdong,36,6
34,Mirilla,Karby,mkarbyx@altervista.org,Female,1173610.60,Calumpit,20,2
35,Sileas,Willford,swillfordy@sourceforge.net,Female,18736713.71,Heqing,48,4
36,Jarad,Hixson,jhixsonz@odnoklassniki.ru,Male,10950743.28,Sarilhos Grandes,42,8
37,Staffard,Newham,snewham10@flickr.com,Male,7599014.51,Gunungpeundeuy,53,13
38,Bronson,Whipp,bwhipp11@patch.com,Male,8119769.68,Paris 08,27,10
39,Dierdre,Greenstock,dgreenstock12@scribd.com,Female,2395795.18,Klyuchevskiy,27,8
40,Godwin,Dumingo,gdumingo13@rakuten.co.jp,Male,17349303.45,Marsada,41,9
41,Carolina,Davidsen,cdavidsen14@bing.com,Female,12915436.16,Dzerzhinsk,42,2
42,Athena,Raymond,araymond15@cbsnews.com,Female,10710130.40,Rybí,56,5
43,Rosalia,Stebbings,rstebbings16@dmoz.org,Agender,17378468.91,Melissochóri,54,3
44,Casi,Hamerton,chamerton17@digg.com,Genderqueer,12819393.42,Panambi,51,15
45,Read,Kneafsey,rkneafsey18@upenn.edu,Male,18524955.82,Diré,35,3
46,Milt,Chiplin,mchiplin19@hud.gov,Male,11337186.82,Lyalichi,29,10
47,Cortie,Tweedle,ctweedle1a@apache.org,Male,17978893.38,Patos,38,8
48,Sharon,Paulson,spaulson1b@163.com,Female,4487730.34,Jardoeira,20,13
49,Magnum,Livett,mlivett1c@wix.com,Male,8071124.55,Daytona Beach,24,9
50,Graig,Newiss,gnewiss1d@theglobeandmail.com,Male,18272048.08,Guanlu,35,6
51,Helenka,Petrushanko,hpetrushanko1e@bluehost.com,Female,11130081.96,Gornji Petrovci,26,10
52,Licha,Mimmack,lmimmack1f@ted.com,Female,10268384.29,Botevgrad,26,8
53,Gwen,Revill,grevill1g@hhs.gov,Female,12768168.58,Krasnodon,49,1
54,Orv,Bussel,obussel1h@mtv.com,Genderfluid,9554640.21,Ia Kha,54,10
55,Beltran,Linklater,blinklater1i@usatoday.com,Polygender,10405955.66,Dahuaishu,60,4
56,Idalia,Godsil,igodsil1j@xing.com,Female,9213960.32,Tsagaan-Olom,42,13
57,Melinda,Cuseck,mcuseck1k@ucoz.com,Female,17219769.75,Caigangan,32,3
58,Jock,Drysdall,jdrysdall1l@ox.ac.uk,Male,11979459.20,Jianshan,32,2
59,Cosetta,Devennie,cdevennie1m@google.ru,Female,8786964.69,Milano,55,10
60,Horst,Braganza,hbraganza1n@nationalgeographic.com,Male,19035044.60,Aş Şafaqayn,50,15
61,Hedda,Ticksall,hticksall1o@google.ru,Female,9547570.67,Jēkabpils,60,15
62,Hamil,Covolini,hcovolini1p@xing.com,Male,6356963.49,Mangochi,47,4
63,Gavra,Stoaks,gstoaks1q@google.co.uk,Female,14850574.59,Al Khushnīyah,61,1
64,Gilli,Pidwell,gpidwell1r@newyorker.com,Female,17538919.91,Banjar,56,14
65,Ruby,Reichelt,rreichelt1s@tumblr.com,Female,13130088.79,Oliveira de Baixo,32,7
66,Piggy,Di Iorio,pdiiorio1t@bloglines.com,Male,11422811.19,Jingchuan,32,9
67,Thomasin,Jadczak,tjadczak1u@sitemeter.com,Female,5882765.33,Imġarr,32,1
68,Georgena,O'Hallihane,gohallihane1v@google.nl,Female,18531783.14,Thị Trấn Mỹ Lộc,39,13
69,Nicko,Yushkov,nyushkov1w@ucla.edu,Male,13393378.12,Ichuña,26,6
70,Michaella,Gorstidge,mgorstidge1x@prlog.org,Female,6043184.71,Orerokpe,62,5
71,Melantha,Mayer,mmayer1y@stumbleupon.com,Female,8198514.57,Loshnitsa,39,4
72,Gregorius,Rajchert,grajchert1z@yolasite.com,Male,1058296.46,Póvoa,22,11
73,Simon,Swannack,sswannack20@japanpost.jp,Male,4074601.97,El Quetzal,32,5
74,Alfredo,Dewi,adewi21@fc2.com,Male,15069400.42,Selishche,28,4
75,Martin,Marjoribanks,mmarjoribanks22@slideshare.net,Male,10367298.84,Jiqu,23,4
76,Catie,Pendrigh,cpendrigh23@jimdo.com,Female,13496762.25,Montgomery,64,3
77,Keen,Dumphy,kdumphy24@tuttocitta.it,Male,15277651.16,Xuanhuadian,47,2
78,Hubert,Bearman,hbearman25@aboutads.info,Male,2005899.57,Aizkraukle,40,9
79,Gifford,Simmen,gsimmen26@dyndns.org,Male,10754347.36,Banag,53,11
80,Vida,Hordell,vhordell27@altervista.org,Genderfluid,3936227.27,San Vicente,28,13
81,Constantia,Beaushaw,cbeaushaw28@timesonline.co.uk,Female,18910862.23,San Ramón,40,14
82,Frederik,Minchinton,fminchinton29@unc.edu,Male,2731043.24,Ladozhskaya,22,2
83,Alaric,Cullingford,acullingford2a@goo.ne.jp,Male,1300772.55,Saint-Quentin,62,9
84,Tedda,Ventris,tventris2b@un.org,Female,10777476.27,Fershampenuaz,20,9
85,Tybalt,Lanfranconi,tlanfranconi2c@gravatar.com,Male,11379087.19,Fengqiao,20,6
86,Courtnay,Pietranek,cpietranek2d@oracle.com,Female,3146994.50,Mahaica Village,23,6
87,Rutter,Muscott,rmuscott2e@jigsy.com,Male,3476690.53,Uyutne,24,15
88,Austin,O'Hone,aohone2f@yolasite.com,Female,9724656.89,Paris 03,53,12
89,Sandye,Pryn,spryn2g@vkontakte.ru,Non-binary,17577867.86,Monastyrshchina,43,1
90,Taffy,Ashleigh,tashleigh2h@newyorker.com,Female,7635874.98,Memphis,37,7
91,Wadsworth,MacLise,wmaclise2i@bloglines.com,Male,18683189.57,Itzig,28,11
92,Colline,Fawke,cfawke2j@mediafire.com,Female,15009461.28,Gagah,39,7
93,Ruy,Vandenhoff,rvandenhoff2k@seattletimes.com,Male,4351549.38,Bongandanga,56,1
94,Annaliese,Lapidus,alapidus2l@chron.com,Female,5672231.63,Şabbūrah,30,15
95,Elroy,Banting,ebanting2m@feedburner.com,Male,3319540.88,Koba,51,7
96,Lani,Robiou,lrobiou2n@china.com.cn,Female,4637958.89,Qaşr Hallāl,57,1
97,Doll,Abramovic,dabramovic2o@economist.com,Female,14404033.66,Jalaud,45,15
98,Jimmie,Piniur,jpiniur2p@netlog.com,Male,4005545.48,Bissau,61,2
99,Tony,Linscott,tlinscott2q@comsenz.com,Female,1700023.31,Fu’an,63,7
100,Morena,Drohane,mdrohane2r@omniture.com,Female,9140605.84,Iznoski,43,13
101,Colver,Giraudoux,cgiraudoux2s@ft.com,Male,5400933.16,Xihu,47,14
102,Michele,Yarnall,myarnall2t@de.vu,Male,10573393.94,San Juan de la Maguana,27,11
103,Jacinthe,Poland,jpoland2u@npr.org,Female,19612628.57,Medvedok,23,3
104,Hammad,Mumberson,hmumberson2v@clickbank.net,Male,9013697.57,Września,57,4
105,Theda,De la Perrelle,tdelaperrelle2w@virginia.edu,Female,3385584.20,Jiangyan,57,11
106,Kikelia,Zamora,kzamora2x@epa.gov,Female,5309868.64,Carmo do Paranaíba,65,1
107,Timmy,Zmitrichenko,tzmitrichenko2y@livejournal.com,Female,19635299.57,Encrucijada,43,13
108,Alika,Hounsham,ahounsham2z@google.com.br,Female,3691594.56,Santa Ana,51,14
109,Dallas,Dumpleton,ddumpleton30@nature.com,Female,16532808.07,Maymana,36,13
110,Kippar,Guillford,kguillford31@admin.ch,Male,12227688.72,Zhanaozen,26,2
111,Nisse,Espadater,nespadater32@storify.com,Female,5572547.63,La Breita,45,12
112,Kienan,Castro,kcastro33@state.tx.us,Male,16084065.27,Luzhou,20,6
113,Dawn,Pennrington,dpennrington34@timesonline.co.uk,Female,14771294.19,Baimaqiao,42,13
114,Renault,Shovlin,rshovlin35@miibeian.gov.cn,Genderfluid,9635509.69,Longquan,41,3
115,Dud,Burnsides,dburnsides36@csmonitor.com,Non-binary,15514021.20,Cibodas,25,7
116,Haleigh,Spieck,hspieck37@yelp.com,Genderqueer,1057301.82,Penha,58,8
117,Borg,Leftly,bleftly38@latimes.com,Male,1637029.67,Wanying,26,5
118,Micky,Sandell,msandell39@si.edu,Male,10348940.77,Xiaohenglong,65,13
119,Lynn,Roskrug,lroskrug3a@chronoengine.com,Female,17724307.10,Mó,44,8
120,Alford,Vernall,avernall3b@canalblog.com,Male,3017693.08,Sintung Timur,49,3
121,Florentia,Fogarty,ffogarty3c@nytimes.com,Female,5314375.03,Cubará,57,5
122,Aida,Byart,abyart3d@odnoklassniki.ru,Female,9584959.55,Huangtan,29,12
123,Jeramey,Wilks,jwilks3e@usa.gov,Male,14422197.76,Zhangfang,41,13
124,Ev,Brandon,ebrandon3f@meetup.com,Male,16614877.03,Baoluan,41,8
125,Josias,Salsbury,jsalsbury3g@seesaa.net,Male,17512220.31,Magan,49,3
126,Carolan,Keegan,ckeegan3h@scribd.com,Female,2428106.32,Ciudad Darío,60,11
127,Scott,Eayrs,seayrs3i@paginegialle.it,Male,9173755.37,Zhendu,43,13
128,Alvina,Garza,agarza3j@state.gov,Female,11946085.51,San Felipe,27,10
129,Orella,Gaiford,ogaiford3k@gnu.org,Female,4711425.41,Borovlyany,62,4
130,Bliss,De Antoni,bdeantoni3l@is.gd,Agender,13230178.86,Sabana Grande,51,2
131,Farica,McNish,fmcnish3m@about.com,Female,10328024.90,Galátsi,48,11
132,Zacharia,Eam,zeam3n@sciencedirect.com,Male,3595537.10,Kadusirung Hilir,45,2
133,Maurise,Gladtbach,mgladtbach3o@apache.org,Genderqueer,8313981.37,Gia Ray,35,8
134,Mignon,Kingescot,mkingescot3p@dropbox.com,Female,12894286.84,Ikongo,64,10
135,Joby,Shillabeare,jshillabeare3q@aboutads.info,Female,19936442.66,Pasembon,64,2
136,Hazel,Congram,hcongram3r@ifeng.com,Female,6001875.70,Wangcheng,38,5
137,Koralle,Prahm,kprahm3s@ycombinator.com,Female,3484534.12,Liudong,59,11
138,Myra,Bartoli,mbartoli3t@booking.com,Female,2882267.95,Cimadang,20,2
139,Misha,Parmiter,mparmiter3u@bravesites.com,Female,7331620.23,Maharagama,50,13
140,Stephan,Furlow,sfurlow3v@rediff.com,Male,7275750.24,Toyohashi,55,11
141,Gun,Grigoriev,ggrigoriev3w@google.fr,Male,3032465.64,Osielsko,23,14
142,Clair,McGreary,cmcgreary3x@pagesperso-orange.fr,Female,18445378.67,Sinuknipan,58,13
143,Gwen,Whartonby,gwhartonby3y@hhs.gov,Female,15048372.15,Kristiansand S,27,11
144,Tasia,Ankers,tankers3z@sbwire.com,Female,9341719.96,San Juan de los Morros,41,1
145,Hayes,Peplaw,hpeplaw40@vinaora.com,Male,6919271.57,Beihe,56,11
146,Shaughn,Tattersill,stattersill41@w3.org,Male,6209310.54,Bicas,41,8
147,Rhianon,Killiner,rkilliner42@reuters.com,Female,12585747.43,Hagonoy,28,15
148,Kahaleel,Cisland,kcisland43@rambler.ru,Male,7069508.46,Sukawaris,44,2
149,Osgood,Point,opoint44@upenn.edu,Agender,13229555.42,Yantak,55,6
150,Boris,Downie,bdownie45@plala.or.jp,Male,13181518.29,Russas,39,13
151,Chrissie,Windows,cwindows46@admin.ch,Female,11629300.08,Maji,34,6
152,Jessa,Lamprey,jlamprey47@fotki.com,Female,9392443.75,Järfälla,51,8
153,Robbert,Cisec,rcisec48@businessinsider.com,Male,5755523.77,Sapotskin,35,2
154,Benetta,Ties,bties49@ezinearticles.com,Female,14625758.67,Cruz Alta,44,9
155,Lucie,MacConchie,lmacconchie4a@blogs.com,Female,14875476.07,Mount Ayliff,54,10
156,Innis,Bruckental,ibruckental4b@g.co,Male,13371503.38,Sobral da Adiça,61,6
157,Josephina,Pennycock,jpennycock4c@ow.ly,Female,9299877.71,Krivaja,58,4
158,Lodovico,Philbrick,lphilbrick4d@github.com,Male,12616002.21,Gereykhanovskoye,51,7
159,Dorey,Oppy,doppy4e@rediff.com,Male,4251108.16,Dobryanka,37,7
160,Shaina,Tschierasche,stschierasche4f@wiley.com,Female,9650489.58,Arcueil,32,13
161,Sapphire,Kerry,skerry4g@mit.edu,Female,8347715.70,Buutuo,25,5
162,Audry,Pyott,apyott4h@w3.org,Female,3094247.45,Gobang,36,8
163,Maxy,Stuart,mstuart4i@cyberchimps.com,Female,10162600.93,Joinville,21,2
164,Lindy,Belsher,lbelsher4j@ovh.net,Male,11006729.72,Xiayang,49,6
165,Lorenza,Burstowe,lburstowe4k@time.com,Female,1025069.07,Ketampak,41,8
166,Alfons,Quinion,aquinion4l@tmall.com,Male,14435355.79,Morro Agudo,58,14
167,Jamesy,Sexcey,jsexcey4m@merriam-webster.com,Male,1543865.94,Cruzeiro,30,5
168,Ketti,Shalcras,kshalcras4n@weibo.com,Female,5843126.90,Kaliningrad,37,11
169,Gennie,Rosewarne,grosewarne4o@homestead.com,Female,5154531.43,Qiqin,59,12
170,Marrilee,Davidovicz,mdavidovicz4p@nasa.gov,Bigender,1923682.50,Haymā’,51,10
171,Kingsly,Twyning,ktwyning4q@netlog.com,Male,10445467.74,Catache,29,11
172,Lynn,Lotwich,llotwich4r@theatlantic.com,Male,5351250.26,Yuwan,64,4
173,Donielle,Lorincz,dlorincz4s@blinklist.com,Female,14785766.46,Berezna,38,5
174,Ezra,Das,edas4t@imdb.com,Male,3418883.02,Marondera,47,12
175,Odelia,Tarzey,otarzey4u@digg.com,Female,15851415.73,Doloplazy,25,3
176,Worden,Grabban,wgrabban4v@weather.com,Male,16798982.28,Dingdian,39,10
177,Augusto,Hassey,ahassey4w@springer.com,Male,15229448.28,Dzików Stary,20,3
178,Annelise,Lethardy,alethardy4x@i2i.jp,Female,9599075.47,Dū Qal‘ah,42,13
179,Keefer,Grafhom,kgrafhom4y@wisc.edu,Male,10914281.52,Gogosuket,45,15
180,Nicholle,Boldry,nboldry4z@npr.org,Female,16508319.09,General Luna,65,15
181,Rivy,Kelly,rkelly50@time.com,Female,15947444.52,Hujia,51,13
182,Kailey,Prewett,kprewett51@desdev.cn,Female,7823581.99,Elvas,48,1
183,Dick,Blazejewski,dblazejewski52@ning.com,Male,12290578.80,Cha’anpu,59,9
184,Mirabel,Shawell,mshawell53@slate.com,Female,13133505.54,Nyaungdon,31,6
185,Sutton,Leaf,sleaf54@deviantart.com,Male,10790108.90,Phan Thong,51,15
186,Concordia,Peckham,cpeckham55@wordpress.com,Bigender,1641060.96,Werota,56,12
187,Spence,Stobbe,sstobbe56@tripadvisor.com,Male,15655250.66,Cabean,61,5
188,Hayes,Annies,hannies57@wikipedia.org,Male,5065248.14,Jatimulyo,54,12
189,Kelbee,Spender,kspender58@163.com,Male,1635358.24,Boyeros,41,7
190,Natal,Arnell,narnell59@accuweather.com,Male,10390411.33,Willemstad,32,3
191,Clemmy,Kyles,ckyles5a@hexun.com,Female,17283522.68,Vällingby,47,8
192,Cary,Ibbs,cibbs5b@europa.eu,Male,6474677.03,Berck,34,2
193,Asher,Ashwell,aashwell5c@wikia.com,Genderfluid,9583082.57,Fosca,57,15
194,Iorgo,Meredith,imeredith5d@oaic.gov.au,Male,18620238.71,Kebonbencoy,32,11
195,Margaux,Lismore,mlismore5e@goodreads.com,Agender,4879052.76,Luanda,57,2
196,Hobey,Jenkison,hjenkison5f@digg.com,Male,13234257.00,Nanxinxiang,65,2
197,Immanuel,Sharpley,isharpley5g@apple.com,Genderfluid,6679018.78,Arnhem,48,4
198,Jeana,Salomon,jsalomon5h@weather.com,Female,8363343.69,Belgorod,52,10
199,Adolf,Greschke,agreschke5i@loc.gov,Male,3603080.53,Ramat Yishay,41,6
200,Leone,McLarens,lmclarens5j@vimeo.com,Female,16690112.80,San Luis,44,9
201,Freeman,Weems,fweems5k@sfgate.com,Male,6573523.23,Turochak,51,14
202,Constantine,Trevallion,ctrevallion5l@cam.ac.uk,Genderfluid,19976470.44,Sotouboua,63,12
203,Eryn,Atcherley,eatcherley5m@purevolume.com,Female,5327922.04,Leles,64,2
204,Shantee,Traill,straill5n@google.com.hk,Female,16994304.06,Huanglong,37,9
205,Bartholomeo,Barrowcliff,bbarrowcliff5o@vkontakte.ru,Male,6197352.39,Baní,29,14
206,Arron,Walkley,awalkley5p@google.com,Male,13750120.38,Zhuxing Chaoxianzu,44,1
207,Gina,MacCracken,gmaccracken5q@theglobeandmail.com,Female,5593851.43,Khotiv,51,10
208,Lynette,Merryman,lmerryman5r@ucsd.edu,Female,6208163.15,Hasaki,40,7
209,Klara,Crix,kcrix5s@google.pl,Female,15803154.03,Kazan,54,1
210,Tome,Frayling,tfrayling5t@usnews.com,Male,14504512.25,San Antonio Ilotenango,22,2
211,Xaviera,Huebner,xhuebner5u@cam.ac.uk,Female,10185545.79,Santo Niño,20,5
212,Esdras,Kluss,ekluss5v@vkontakte.ru,Male,12331470.35,‘Arīqah,39,2
213,Lynea,Jorcke,ljorcke5w@wikia.com,Female,5849977.23,Älvsjö,38,5
214,Rosalia,Kirkham,rkirkham5x@mapy.cz,Female,13266603.85,Pābna,20,2
215,Sibyl,Royste,sroyste5y@java.com,Male,5011221.03,Askim,31,9
216,Loree,Flann,lflann5z@noaa.gov,Female,2455986.90,Sanjiang,65,11
217,Marena,Dessent,mdessent60@timesonline.co.uk,Female,10335481.17,Girón,20,7
218,Virge,Nabarro,vnabarro61@devhub.com,Male,11672575.18,Saint-Bruno,47,8
219,Portia,Speeks,pspeeks62@tmall.com,Female,10538416.91,Paoua,44,6
220,Kennan,Spira,kspira63@shinystat.com,Male,2138914.59,Jardín,25,12
221,Constancia,Doulton,cdoulton64@drupal.org,Non-binary,12018051.71,Fuqiang,40,15
222,Lynne,Giametti,lgiametti65@skype.com,Female,15613494.61,Xinzhai,56,7
223,Nisse,Fellgatt,nfellgatt66@storify.com,Female,14245305.84,Fenglu,53,14
224,Brander,Grandisson,bgrandisson67@apple.com,Male,6797819.26,Karabash,33,13
225,Daria,Moakler,dmoakler68@eepurl.com,Female,7182788.04,Vostryakovo,64,2
226,Barnie,Asel,basel69@businesswire.com,Male,14408495.16,Bridgewater,42,11
227,Sada,Kellog,skellog6a@admin.ch,Female,3302194.09,Manga,45,15
228,Cathrin,Abrahamowitcz,cabrahamowitcz6b@sfgate.com,Female,13063718.97,Barisāl,60,7
229,Mayer,Fulford,mfulford6c@reuters.com,Male,2455166.85,Dayr Mawās,28,14
230,Dukie,Gammett,dgammett6d@odnoklassniki.ru,Male,4366433.30,Mae Wang,59,12
231,Pooh,Tredget,ptredget6e@addthis.com,Male,1665999.39,Lons-le-Saunier,60,11
232,Siffre,Quinell,squinell6f@wordpress.org,Male,2353410.53,Maguan,27,12
233,Nev,Cortese,ncortese6g@admin.ch,Male,1899120.47,San Pedro de Atacama,53,12
234,Glynis,Ghidoli,gghidoli6h@acquirethisname.com,Female,5823051.28,Pasirhaur,39,3
235,Corilla,Samwayes,csamwayes6i@bing.com,Female,4080476.02,Carvalhal Redondo,36,8
236,Constantin,Gundry,cgundry6j@yahoo.co.jp,Male,9114921.11,Bontang Baru,29,5
237,Clemens,Tumini,ctumini6k@fema.gov,Male,1334042.21,San Salvador,57,6
238,Jade,Paternoster,jpaternoster6l@un.org,Female,8010319.15,Entre Rios,55,8
239,Caroline,Gurery,cgurery6m@businessweek.com,Female,1688594.77,Banjar Tengahbelayu,43,7
240,Car,Belli,cbelli6n@bigcartel.com,Male,6008163.11,Nanuque,24,4
241,Solomon,Ferrini,sferrini6o@pen.io,Non-binary,5836187.83,Dongtuan,59,11
242,Carroll,Oxtiby,coxtiby6p@ning.com,Male,16805587.42,Bailingnao,21,3
243,Winifred,Rosson,wrosson6q@nba.com,Female,14847968.55,Tver,62,15
244,Danny,Kauffman,dkauffman6r@jigsy.com,Female,8444792.24,Patenongan,41,14
245,Venita,Mateos,vmateos6s@un.org,Female,18431636.60,Ramotswa,42,13
246,Jedidiah,Boulstridge,jboulstridge6t@youku.com,Male,8589212.90,Jingxiyuan,55,3
247,Riane,Coslett,rcoslett6u@sun.com,Female,9017724.78,Pombos,53,15
248,Dehlia,Redihalgh,dredihalgh6v@wikimedia.org,Female,5164716.87,Ushiku,31,14
249,Teodorico,Boltwood,tboltwood6w@engadget.com,Male,18644212.23,Memphis,35,13
250,Dillon,Mourant,dmourant6x@about.me,Male,8436903.09,Nakhon Pathom,31,10
251,Damian,Blown,dblown6y@scientificamerican.com,Male,6059760.88,Takaishi,57,2
252,Maximilien,Olander,molander6z@parallels.com,Male,2522015.20,Kamubheka,30,11
253,Dotti,Prescot,dprescot70@telegraph.co.uk,Female,10356786.34,Xiangyang,27,9
254,Jared,Martindale,jmartindale71@so-net.ne.jp,Male,12799493.43,Ust-Kamenogorsk,27,6
255,Sandro,Duffie,sduffie72@home.pl,Male,10706728.96,Tipo-Tipo,32,15
256,Saundra,Jury,sjury73@eventbrite.com,Male,13503650.22,Lille,35,15
257,Jaime,Longworth,jlongworth74@istockphoto.com,Female,13322213.19,Johor Bahru,29,11
258,Benoite,Twentyman,btwentyman75@mtv.com,Female,19685210.45,Mont-Joli,61,12
259,Natasha,Avrahamian,navrahamian76@stanford.edu,Female,11622457.48,Xiaoguan,35,4
260,Ceciley,Del Castello,cdelcastello77@toplist.cz,Female,12606092.05,Yeysk,65,12
261,Engelbert,Kender,ekender78@slideshare.net,Bigender,14429783.71,Xucheng,22,12
262,Jerrylee,Cremins,jcremins79@latimes.com,Female,5831948.65,Melekeok Village,45,7
263,Elysha,O' Clovan,eoclovan7a@qq.com,Female,6961505.81,Anjepy,29,11
264,Gran,Giacovazzo,ggiacovazzo7b@guardian.co.uk,Male,14115104.57,Gonzalo Pizarro,62,6
265,Florinda,Grigorio,fgrigorio7c@wordpress.com,Female,15044672.37,20 de Noviembre,30,12
266,Kelbee,Erskine,kerskine7d@earthlink.net,Male,19565468.07,Vřesina,40,3
267,Nikolai,Keppe,nkeppe7e@spotify.com,Male,13102878.04,Emiliano Zapata,45,3
268,Aarika,Sommer,asommer7f@amazon.de,Female,19374708.49,Herby,53,11
269,Wilie,Crake,wcrake7g@shutterfly.com,Female,17177576.77,Międzyrzecz,28,13
270,Alfy,Mose,amose7h@apache.org,Male,6209173.78,Yaodu,34,11
271,Piotr,Hadgraft,phadgraft7i@plala.or.jp,Male,4362906.41,Gustavia,63,10
272,Townsend,Hurtado,thurtado7j@csmonitor.com,Male,9047028.35,Yujia’ao,34,11
273,Dorelle,Carnie,dcarnie7k@angelfire.com,Female,5021316.04,Bang Pakong,32,7
274,Maria,Aitkenhead,maitkenhead7l@arizona.edu,Female,10482006.74,Bretaña,39,5
275,Heidie,Hanny,hhanny7m@jimdo.com,Female,14986366.35,Caoyan,52,8
276,Julia,Cornau,jcornau7n@sourceforge.net,Female,9601856.62,Lanxi,43,15
277,Timothy,Quarrie,tquarrie7o@infoseek.co.jp,Non-binary,18557621.37,Pitanga,61,7
278,Bran,Guard,bguard7p@uiuc.edu,Male,7838003.69,Sampagar,58,15
279,Camile,Casford,ccasford7q@dot.gov,Female,5564638.40,Xiajiashan,45,5
280,Giraud,Blagdon,gblagdon7r@bloglines.com,Male,6411499.54,Monte Carmelo,60,9
281,Elsa,Hebborn,ehebborn7s@mysql.com,Bigender,3493970.45,Ongi,29,3
282,Gabriell,Jobin,gjobin7t@infoseek.co.jp,Female,12093857.36,Bairro,62,10
283,Gabriell,Waything,gwaything7u@facebook.com,Female,9569986.17,Strzelce Krajeńskie,47,1
284,Mile,Melloi,mmelloi7v@google.com.hk,Male,1425506.05,Tamel,27,2
285,Letizia,Ingarfield,lingarfield7w@mysql.com,Female,11018347.39,Las Sabanas,63,15
286,Celisse,Meharg,cmeharg7x@toplist.cz,Female,15237131.10,Dobryanka,62,2
287,Inga,Dummett,idummett7y@e-recht24.de,Female,18414958.50,Kambatatamakawu,56,5
288,Sim,Laurenceau,slaurenceau7z@squidoo.com,Male,8140032.07,Ozerki,35,5
289,Feliks,Fabbri,ffabbri80@mysql.com,Male,7209545.68,Jiaoxie,40,9
290,Mile,MacLaren,mmaclaren81@elpais.com,Male,10138023.48,Komprachcice,59,3
291,Linette,Puttock,lputtock82@unicef.org,Female,4619571.06,Qarāwat Banī Zayd,23,9
292,Garvey,Worgen,gworgen83@cnbc.com,Male,3525813.78,Bayeman,40,10
293,Marcellus,Wymer,mwymer84@paypal.com,Male,10013885.59,Grevená,49,8
294,Analiese,Buttner,abuttner85@techcrunch.com,Female,13718283.52,Lucan,39,3
295,Sarina,Hentze,shentze86@spotify.com,Female,12865601.77,Dawwār Tīnjah,54,2
296,Nico,Brunet,nbrunet87@hubpages.com,Male,17290729.42,Kangar,59,7
297,Anastasie,Instock,ainstock88@infoseek.co.jp,Female,19076781.93,Great Neck,27,14
298,Davide,Romanetti,dromanetti89@nyu.edu,Male,18292190.09,Ujungpangkah,38,14
299,Grantley,Jans,gjans8a@flickr.com,Genderqueer,14819951.87,Karuk,57,8
300,Van,Pingston,vpingston8b@hibu.com,Female,2618045.00,Dvorichna,53,14
301,Morgana,Longmire,mlongmire8c@hostgator.com,Female,5894156.77,Puerto Santander,50,3
302,Tamra,Dahlgren,tdahlgren8d@goo.ne.jp,Female,3913042.68,Wutong,44,12
303,Tomaso,Ruddom,truddom8e@lycos.com,Male,8561892.50,Graneros,32,5
304,Olivier,Rubury,orubury8f@nyu.edu,Male,4383459.86,Ketang,48,14
305,Brunhilda,Colbrun,bcolbrun8g@huffingtonpost.com,Female,10775544.29,Songfeng,39,1
306,Ignazio,Ollerton,iollerton8h@dell.com,Agender,6037979.93,Ipoh,63,13
307,Dode,Lannin,dlannin8i@prlog.org,Female,2211280.79,Fuming,65,13
308,Lindie,Morrissey,lmorrissey8j@live.com,Female,15662326.68,Saramech,62,7
309,Theodoric,Tirone,ttirone8k@salon.com,Male,1549905.32,Dobratice,46,12
310,Dael,List,dlist8l@arstechnica.com,Male,9342412.01,Kamenskiy,29,2
311,Dawna,Steynor,dsteynor8m@51.la,Female,7151135.16,Pingfeng,43,9
312,Gusta,Blasgen,gblasgen8n@1und1.de,Female,9227295.56,Byczyna,51,13
313,Mathian,Stabbins,mstabbins8o@angelfire.com,Male,11824833.74,Srbinovo,41,4
314,Karly,Cohr,kcohr8p@indiatimes.com,Female,3864661.58,Amparafaravola,21,13
315,Becca,O'Callaghan,bocallaghan8q@nps.gov,Polygender,1921075.43,Sharga,35,6
316,Keeley,Klammt,kklammt8r@shareasale.com,Female,4168761.32,Leticia,29,8
317,Nalani,Lavery,nlavery8s@adobe.com,Female,11313904.99,San Celestio,42,7
318,Gearalt,McDougle,gmcdougle8t@surveymonkey.com,Male,5228124.12,Umm al Qaywayn,46,8
319,Nikos,Alfonsini,nalfonsini8u@zdnet.com,Male,6096804.09,Kokubunji,42,11
320,Aidan,Piletic,apiletic8v@purevolume.com,Female,3474642.57,Putrajawa,58,4
321,Cynde,Trim,ctrim8w@google.com.hk,Female,5619444.42,Léchovo,29,11
322,Wyn,Leveritt,wleveritt8x@shop-pro.jp,Male,16716161.99,Lokoja,53,7
323,Hort,Albany,halbany8y@census.gov,Male,16359648.32,Svetogorsk,47,11
324,Edith,Borsnall,eborsnall8z@lycos.com,Female,12535015.17,Jebba,20,10
325,Eudora,Edelmann,eedelmann90@time.com,Female,17147156.27,Reims,54,3
326,Mufi,Euston,meuston91@google.es,Female,9375984.13,Idfu,50,2
327,Ruth,Pickvance,rpickvance92@intel.com,Female,14335485.11,Nova Pazova,47,1
328,Arden,Heeks,aheeks93@geocities.jp,Female,3454019.06,Härnösand,56,5
329,Arleen,Denyukin,adenyukin94@rediff.com,Female,8778487.85,Antou,24,8
330,Rich,Sarre,rsarre95@webeden.co.uk,Male,17441458.64,Lyubeshiv,27,13
331,Hilary,Glantz,hglantz96@economist.com,Female,4368185.29,Houston,37,6
332,Oliy,Mateus,omateus97@sfgate.com,Female,14729976.52,Kajok,53,3
333,Richmound,Tregea,rtregea98@mtv.com,Male,15844658.51,Décines-Charpieu,40,6
334,Karlie,Gulliman,kgulliman99@dmoz.org,Female,11733366.67,Alenquer,31,1
335,Deb,Panas,dpanas9a@webnode.com,Bigender,4471175.07,Gulu,63,2
336,Kenna,Physick,kphysick9b@army.mil,Female,2651197.88,Nesterovskaya,48,6
337,Hartwell,Meckiff,hmeckiff9c@nps.gov,Male,2546153.55,Västerås,47,12
338,Hillel,Tabourier,htabourier9d@dropbox.com,Male,13473213.98,Žalec,21,6
339,Hans,Stow,hstow9e@apple.com,Male,8179994.90,Niigata-shi,59,7
340,Darelle,Beeze,dbeeze9f@umich.edu,Female,3058281.59,Yasothon,50,4
341,Marabel,Stenners,mstenners9g@ask.com,Female,2426953.50,Pandean,63,8
342,Queenie,Smees,qsmees9h@webeden.co.uk,Female,5316329.35,Lianyuan,54,8
343,Norry,Figgs,nfiggs9i@phpbb.com,Female,1474846.46,Da’an,35,6
344,Sherri,Lewsy,slewsy9j@cnbc.com,Female,2204684.81,Shitan,38,1
345,Elisha,Morfett,emorfett9k@toplist.cz,Male,19297218.50,Gorshechnoye,42,1
346,Darlene,Aveling,daveling9l@springer.com,Female,16997827.97,Stockholm,28,9
347,Cozmo,Leggs,cleggs9m@scientificamerican.com,Genderfluid,11063599.56,Krajan Nglinggis,24,3
348,Alastair,Bedell,abedell9n@diigo.com,Male,19518896.86,Zhulebino,25,8
349,Nesta,de Juares,ndejuares9o@tinypic.com,Female,2223859.47,Nanshui,48,2
350,Raul,Scrowston,rscrowston9p@mayoclinic.com,Polygender,15134268.42,Foz do Iguaçu,55,2
351,Virge,Winney,vwinney9q@aol.com,Male,5133565.60,Jasienica Rosielna,43,2
352,Merrel,Geikie,mgeikie9r@yandex.ru,Male,14413706.36,Kamenica,56,4
353,Amory,Eleshenar,aeleshenar9s@posterous.com,Male,15585723.80,Muqi,24,10
354,Lenore,Dy,ldy9t@google.com.au,Genderqueer,3149357.83,Vale de São Cosme,23,6
355,Terry,Flaubert,tflaubert9u@sphinn.com,Female,18400087.46,Gaoqiao,22,7
356,Kennan,Stigers,kstigers9v@java.com,Male,19537518.24,Ōmuta,25,13
357,Myca,Lazarus,mlazarus9w@fc2.com,Male,11924404.89,Zheng’an,57,14
358,Florie,De Miranda,fdemiranda9x@ocn.ne.jp,Female,2157288.94,Benito Juarez,45,1
359,Bethany,Feckey,bfeckey9y@stumbleupon.com,Female,12814583.74,Carandaí,31,8
360,Reese,Ewer,rewer9z@tamu.edu,Male,10529944.46,Copán,26,8
361,Dag,Aindrais,daindraisa0@google.es,Male,7902315.37,Bakadagy,49,5
362,Yalonda,Parnham,yparnhama1@sfgate.com,Female,7367958.94,Guiset East,21,11
363,Dulcine,Hessel,dhessela2@meetup.com,Female,12083741.78,El Guamo,57,5
364,Alf,Chidgey,achidgeya3@deviantart.com,Male,15095697.13,El Tambo,27,5
365,Dewain,Colclough,dcolclougha4@nhs.uk,Male,9252451.38,Cabusao,55,10
366,Jerrie,Mitchard,jmitcharda5@simplemachines.org,Male,4479444.05,Yangzhuang,51,11
367,Merrili,Bastide,mbastidea6@wikimedia.org,Female,10481395.04,Tiebiancheng,55,4
368,Jourdan,Blagden,jblagdena7@domainmarket.com,Female,5140898.62,Alcabideche,38,15
369,Giacopo,Joderli,gjoderlia8@posterous.com,Male,16958212.80,Ronda,64,1
370,Dasie,Cometto,dcomettoa9@nbcnews.com,Female,8451300.35,Osieck,28,9
371,Salomon,Meran,smeranaa@google.com.au,Male,1006501.05,Lyubotyn,38,15
372,Domenic,Muncie,dmuncieab@shinystat.com,Male,2471014.93,Daxing,25,7
373,Merrick,Rustedge,mrustedgeac@comsenz.com,Male,9003066.33,Przelewice,39,11
374,Land,Routledge,lroutledgead@cornell.edu,Male,16764692.57,Biwer,23,10
375,Obediah,Vanyatin,ovanyatinae@latimes.com,Male,2397197.25,Barrancas,42,10
376,Valeda,Capener,vcapeneraf@ehow.com,Female,9795472.53,Malinaw,63,8
377,Ilyse,Pate,ipateag@trellian.com,Female,16972066.91,Mendeleyevsk,50,15
378,Merv,Muselli,mmuselliah@mediafire.com,Male,11784525.54,Zamora,57,15
379,Torrin,Bulfoot,tbulfootai@dell.com,Male,11405326.28,Xiehu,38,4
380,Luke,Bayfield,lbayfieldaj@jiathis.com,Male,12535840.20,Macun,29,2
381,Guido,Sterte,gsterteak@tamu.edu,Male,18628404.53,Eshowe,53,9
382,Megan,Panner,mpanneral@ed.gov,Female,14560477.93,Podosinovets,45,14
383,Eric,Killough,ekillougham@ucoz.ru,Male,19985107.45,Chanuman,47,4
384,Locke,Bowcher,lbowcheran@psu.edu,Male,2746364.31,Maonon,46,12
385,Emlyn,Pauleau,epauleauao@whitehouse.gov,Female,2582631.80,Okanagan,41,2
386,Cherice,Reeken,creekenap@prlog.org,Female,19334611.55,Höshigiyn-Ar,49,15
387,Perren,Rigts,prigtsaq@themeforest.net,Male,18183783.44,Longquan,30,10
388,Vicky,Gerritsma,vgerritsmaar@samsung.com,Female,11501671.26,Soriano,21,6
389,Lorrie,Seint,lseintas@hugedomains.com,Female,16875671.80,Rungkang,57,2
390,Reese,Douse,rdouseat@seesaa.net,Male,12281860.95,Kiuteta,60,12
391,Bonnee,Hinchshaw,bhinchshawau@webnode.com,Female,6737740.35,Luopioinen,23,11
392,Marabel,Gorvin,mgorvinav@bloglines.com,Female,13396618.88,Dahuang,49,1
393,Eddie,Klimczak,eklimczakaw@tmall.com,Genderqueer,11736905.94,Hejia,52,14
394,Lisle,Sawdy,lsawdyax@washington.edu,Male,6501593.99,Yukhnov,38,3
395,Andeee,Lindemann,alindemannay@senate.gov,Female,19875649.12,Tyresö,63,8
396,Lonni,Caraher,lcaraheraz@theglobeandmail.com,Female,10337396.99,Ŭiju,44,9
397,Lorenzo,Palfrie,lpalfrieb0@japanpost.jp,Male,12549169.62,Neebing,37,8
398,Collen,Smoth,csmothb1@mozilla.com,Female,4313733.34,Nerokoúros,51,12
399,Eddy,Ludl,eludlb2@mysql.com,Male,8601478.48,Pengshi,30,14
400,Luciano,Stutter,lstutterb3@google.co.uk,Male,12514899.47,Mendī,20,4
401,Tim,Kolodziejski,tkolodziejskib4@discuz.net,Male,7125959.12,Bollnäs,52,6
402,Noah,MacDonogh,nmacdonoghb5@linkedin.com,Male,8191324.88,Rongxi,47,3
403,Gilda,McConville,gmcconvilleb6@businessinsider.com,Female,14702956.50,Bulod,21,9
404,Wendy,Pipping,wpippingb7@xinhuanet.com,Female,11558086.93,Baku,25,10
405,Keven,Halbert,khalbertb8@who.int,Non-binary,6392207.76,Batusangkar,21,3
406,Lexine,Nunnery,lnunneryb9@npr.org,Female,5109311.87,Daejeon,55,15
407,Guilbert,Purseglove,gpursegloveba@networkadvertising.org,Male,1736831.97,Tingsryd,20,9
408,Uriah,Paterson,upatersonbb@odnoklassniki.ru,Male,8443600.61,Caracal,49,7
409,Aretha,Barrowcliffe,abarrowcliffebc@histats.com,Female,3985558.00,Ennery,36,2
410,Keefer,Lannin,klanninbd@dailymail.co.uk,Genderqueer,18005180.55,Västerås,30,7
411,Putnem,Tock,ptockbe@forbes.com,Male,16292079.74,Bagacay,26,8
412,Milly,Sharrem,msharrembf@reference.com,Female,18801575.10,Brodnica,29,15
413,Sutherland,Francescone,sfrancesconebg@so-net.ne.jp,Male,7690081.49,Lenghu,54,14
414,Ewan,Goodger,egoodgerbh@google.fr,Male,6713979.79,Cisompet,41,12
415,Em,Bradnum,ebradnumbi@soup.io,Bigender,2207777.05,Pitkyaranta,45,13
416,Lemmy,Wallentin,lwallentinbj@myspace.com,Male,11046125.54,Angkup,30,5
417,Rhys,Hickeringill,rhickeringillbk@studiopress.com,Male,9725307.68,Hayang,21,6
418,Iseabal,Gatling,igatlingbl@reddit.com,Female,1354027.14,Tinawagan,28,1
419,Aridatha,Ibberson,aibbersonbm@wix.com,Non-binary,3247360.07,Gotovlje,23,7
420,Sly,Piaggia,spiaggiabn@wsj.com,Male,19682404.52,Xuri,22,10
421,Marena,MacBrearty,mmacbreartybo@usda.gov,Female,10341897.29,San Pedro de Ycuamandiyú,21,3
422,Zelda,Puddin,zpuddinbp@bandcamp.com,Female,9037728.48,Chamical,63,4
423,Dominik,Boorn,dboornbq@apple.com,Male,4389022.48,Tsukumiura,56,5
424,Berti,Swinburn,bswinburnbr@mozilla.com,Female,4843641.01,Terter,42,6
425,Bernardina,Paris,bparisbs@illinois.edu,Female,9451278.70,Los Pinos,50,13
426,Gina,Airs,gairsbt@vinaora.com,Female,12645044.22,Xinshichang,35,10
427,Philomena,Prin,pprinbu@omniture.com,Female,14738657.59,Yanbei,54,1
428,Jillane,Kira,jkirabv@artisteer.com,Female,15069314.04,Kumanovo,65,4
429,Mercie,Creavan,mcreavanbw@bloglovin.com,Female,8826594.74,Wuduhe,21,12
430,Benjamin,Pylkynyton,bpylkynytonbx@oakley.com,Bigender,8507536.70,Bình Thủy,42,12
431,Camellia,Harpin,charpinby@seesaa.net,Female,1958752.99,Luotaping,43,1
432,Mario,Bendley,mbendleybz@irs.gov,Male,10266509.83,Lipljan,51,5
433,Aylmar,Moralis,amoralisc0@youku.com,Male,14076774.99,Ancahuasi,49,4
434,Cristian,Simyson,csimysonc1@storify.com,Male,1519682.17,Orléans,50,1
435,Zoe,Southgate,zsouthgatec2@dell.com,Female,15442555.33,Paris 06,20,8
436,Dominick,Wordington,dwordingtonc3@earthlink.net,Male,3023097.34,Vinež,45,10
437,Forster,Pickburn,fpickburnc4@nytimes.com,Male,1264477.98,Taganskiy,45,12
438,Nefen,Esposi,nesposic5@nsw.gov.au,Male,13781798.22,Piasek,38,6
439,Marco,Badman,mbadmanc6@china.com.cn,Male,2796698.68,Honglai,22,9
440,Osborne,O'Neil,ooneilc7@topsy.com,Male,17094208.15,Ninh Giang,48,11
441,Hanni,Jeanenet,hjeanenetc8@youku.com,Female,13621693.92,Kirawsk,65,11
442,Annabel,Collingworth,acollingworthc9@ebay.co.uk,Female,17338590.02,Kakamigahara,59,8
443,Melony,McJarrow,mmcjarrowca@yellowpages.com,Female,4101099.93,Lalmanirhat,58,7
444,Frazier,Baynton,fbayntoncb@mysql.com,Male,15321562.74,Guarapuava,20,1
445,Glendon,Skewes,gskewescc@illinois.edu,Male,5321473.12,Montes Velhos,25,11
446,Dukey,Conniam,dconniamcd@sakura.ne.jp,Male,10426441.50,Xiabao,28,12
447,Amye,Ord,aordce@archive.org,Female,14365783.62,Boac,26,4
448,Karin,Immins,kimminscf@bigcartel.com,Female,2101865.93,Sosnovka,34,11
449,Shalna,Itskovitz,sitskovitzcg@dell.com,Female,2398445.17,Banjar Petak,41,4
450,Ransell,Lempertz,rlempertzch@google.es,Male,7509822.94,Xiyang,58,7
451,Nicolais,McQuaide,nmcquaideci@un.org,Male,10826133.29,Novotroitskaya,27,1
452,Lucinda,Bruckenthal,lbruckenthalcj@guardian.co.uk,Female,6792899.82,Galesong,33,15
453,Perry,Berridge,pberridgeck@fema.gov,Female,10941505.27,Berlin,46,6
454,Neal,Kynvin,nkynvincl@soundcloud.com,Bigender,7468812.39,Köyliö,51,2
455,Paulie,Birdwistle,pbirdwistlecm@sina.com.cn,Female,7072789.73,Guiniculalay,24,2
456,Mikey,Woodroff,mwoodroffcn@yellowbook.com,Male,3169566.26,Ngangpo,26,5
457,Mannie,Pickerell,mpickerellco@nih.gov,Male,7361032.21,Independencia,46,1
458,Shell,Gentry,sgentrycp@infoseek.co.jp,Female,3663058.28,Ol Kalou,51,13
459,Tracey,Shufflebotham,tshufflebothamcq@imdb.com,Male,6447727.75,Gusang,35,9
460,Keslie,Biggerstaff,kbiggerstaffcr@slate.com,Agender,6001642.03,Xazgat,57,10
461,Ronda,Harragin,rharragincs@istockphoto.com,Female,11454682.44,Vyerkhnyadzvinsk,53,7
462,Kym,Forty,kfortyct@bandcamp.com,Female,4060295.98,Pacaycasa,31,10
463,Hoyt,Muckian,hmuckiancu@dion.ne.jp,Male,6486731.62,Ishqoshim,50,13
464,Moe,Mineghelli,mmineghellicv@ca.gov,Male,17166990.87,Kelaniya,33,1
465,Corena,Gregg,cgreggcw@rakuten.co.jp,Female,10109056.02,Lunsar,57,5
466,Haleigh,Tremmil,htremmilcx@constantcontact.com,Non-binary,4920119.87,Rumāh,28,11
467,Harcourt,McVittie,hmcvittiecy@i2i.jp,Male,12139511.85,Sieniawa,21,5
468,Anny,Wiltshear,awiltshearcz@etsy.com,Female,7174649.44,Tamra,56,11
469,Jacky,Garces,jgarcesd0@nsw.gov.au,Female,1679689.17,Bangad,57,10
470,Humphrey,Dupree,hdupreed1@g.co,Male,10391513.45,Longquan,41,13
471,Florentia,Balderston,fbalderstond2@mozilla.org,Female,15765504.03,Jīroft,31,12
472,Coriss,Handscombe,chandscombed3@cbsnews.com,Female,7274251.48,Sremski Karlovci,56,13
473,Andrea,Gavagan,agavagand4@stanford.edu,Male,18996447.29,Blessington,25,14
474,Ava,Feldberger,afeldbergerd5@bluehost.com,Non-binary,17187158.90,Sokol’skoye,23,11
475,Verena,Bende,vbended6@free.fr,Female,7347319.18,Samboan,46,1
476,Grayce,Aspinal,gaspinald7@bloomberg.com,Female,3848322.93,Gonayiv,43,9
477,Ricoriki,Gallelli,rgallellid8@hp.com,Bigender,17622854.30,Sruni,36,15
478,Addie,Eilhermann,aeilhermannd9@prweb.com,Female,11633942.36,Milano,43,1
479,Ellyn,Potebury,epoteburyda@wunderground.com,Female,11108745.33,Şuraabad,51,12
480,Belita,Jillins,bjillinsdb@vistaprint.com,Female,4360999.45,Hénin-Beaumont,25,9
481,Jackson,Mathy,jmathydc@narod.ru,Male,5458549.08,Calachuchi,40,14
482,Bert,Macoun,bmacoundd@domainmarket.com,Agender,9384431.48,Neos Voutzás,61,6
483,Nikos,Crassweller,ncrasswellerde@google.co.uk,Male,14064502.63,Rano,50,13
484,Dreddy,Kneath,dkneathdf@unblog.fr,Female,16583519.12,Kauditan,47,1
485,Luca,Clipson,lclipsondg@stumbleupon.com,Male,9318571.22,Umm as Summāq,28,14
486,Fianna,Wrates,fwratesdh@biglobe.ne.jp,Female,3514000.23,Poctol,20,10
487,Oona,Birdsall,obirdsalldi@bing.com,Female,5922658.57,Estevan,62,9
488,Lorenza,Brandassi,lbrandassidj@time.com,Female,10808592.81,Saint-Louis,41,10
489,Cristina,Shaul,cshauldk@yandex.ru,Non-binary,1465692.95,Agen,21,9
490,Kermie,Tchaikovsky,ktchaikovskydl@google.de,Male,10353714.85,Stockholm,27,13
491,Kenyon,Shakshaft,kshakshaftdm@unblog.fr,Male,8139537.02,Yedun,44,11
492,Dodie,Sisey,dsiseydn@businessweek.com,Female,12991990.31,Pallasca,53,10
493,Isahella,Arblaster,iarblasterdo@bloglovin.com,Female,1661877.64,Al Jīzah,30,1
494,Berta,Rollings,brollingsdp@behance.net,Female,18024663.31,Baiima,39,6
495,Lothaire,Head,lheaddq@guardian.co.uk,Male,6334711.79,Sundbyberg,36,7
496,Ruth,Hanselman,rhanselmandr@sohu.com,Female,12208717.75,Charlottenberg,36,1
497,Nealson,Goffe,ngoffeds@sohu.com,Male,7270112.31,Kufayrit,45,14
498,Dov,Wild,dwilddt@wisc.edu,Male,12083604.86,Baturaja,62,7
499,Neel,Pretor,npretordu@simplemachines.org,Male,7495832.95,Sukorejo,38,1
500,Ileana,Follet,ifolletdv@google.pl,Female,18745128.33,Quốc Oai,32,7
501,Homere,Hebble,hhebbledw@cargocollective.com,Male,17541031.69,Ketapang,44,3
502,Pooh,Vasyanin,pvasyanindx@biblegateway.com,Male,10109304.59,Batutua,27,2
503,Gonzales,Rucklesse,grucklessedy@mediafire.com,Male,18906508.48,Menghai,48,2
504,Rodge,Lovart,rlovartdz@google.com.au,Male,11072347.09,Buyende,46,5
505,Prentiss,Stelli,pstellie0@exblog.jp,Male,3360779.20,Volokolamsk,20,12
506,Pyotr,Brearton,pbreartone1@vk.com,Male,12999951.76,Elassóna,57,6
507,Kippie,Monery,kmonerye2@usatoday.com,Female,2841147.02,Chichaoua,58,11
508,Zackariah,Belloch,zbelloche3@stumbleupon.com,Male,17274931.16,Kėdainiai,39,11
509,Barbabas,Cavanaugh,bcavanaughe4@intel.com,Male,16346525.61,Pompéu,60,11
510,Leisha,Faulder,lfauldere5@biglobe.ne.jp,Female,8514799.37,Villa Gesell,65,9
511,Eb,Hutchins,ehutchinse6@unicef.org,Male,17821680.05,Sanguansi,63,2
512,Eustace,Sinnatt,esinnatte7@symantec.com,Male,14923937.77,Xinzheng,46,13
513,Albina,Bransgrove,abransgrovee8@tripod.com,Female,10645711.43,Laba Goumen,40,8
514,Pauli,Annis,pannise9@google.it,Female,15587311.08,Santa Teresa,55,14
515,Gilburt,Sutor,gsutorea@dmoz.org,Male,2243064.98,Zhourui,39,4
516,Guglielmo,Devons,gdevonseb@de.vu,Male,18929524.82,Dopang,58,10
517,Felizio,Wansbury,fwansburyec@phoca.cz,Male,18317823.56,Vladimir,25,2
518,Zorina,Alvey,zalveyed@nbcnews.com,Female,8519701.62,Fucun,60,8
519,Horst,Southern,hsouthernee@com.com,Male,11484673.82,Charlton,57,8
520,Remus,Dowsey,rdowseyef@noaa.gov,Male,16286366.73,Ust’-Labinsk,26,1
521,Dore,Hardington,dhardingtoneg@tmall.com,Female,6138215.78,Rajhradice,55,6
522,Moritz,Shaxby,mshaxbyeh@craigslist.org,Genderqueer,4829799.31,Kokstad,32,8
523,Jodee,Elphee,jelpheeei@google.es,Female,2517601.28,Houzhai,65,6
524,Juana,Tume,jtumeej@pinterest.com,Female,17016148.13,Sabang,34,11
525,Port,Ferruzzi,pferruzziek@arstechnica.com,Male,15463023.75,Cipanas,23,9
526,Trip,Lorkin,tlorkinel@china.com.cn,Male,13624644.91,Rungis,38,6
527,Junie,Dray,jdrayem@netlog.com,Female,6469194.22,Granard,36,2
528,Angeli,Ronan,aronanen@wordpress.org,Male,6216463.54,Jindui,60,5
529,Den,Pyrke,dpyrkeeo@nymag.com,Male,5676729.32,Repentigny,33,11
530,Dav,Arden,dardenep@cdbaby.com,Male,1368920.22,Amman,37,3
531,Tucky,Workes,tworkeseq@house.gov,Male,13679934.45,Babak,63,6
532,Marijo,Lampert,mlamperter@wikimedia.org,Bigender,6712722.14,Bektemir,55,12
533,Dael,Ianson,diansones@chronoengine.com,Female,17089212.47,Pirca,35,8
534,Charles,Rickford,crickfordet@google.ru,Male,18196500.14,Luozhou,25,14
535,Jasen,Abramow,jabramoweu@live.com,Male,14580241.65,Sanandaj,25,13
536,Lem,Prince,lprinceev@google.it,Male,16130370.78,Sindangkopo,49,2
537,Christy,Wareing,cwareingew@purevolume.com,Male,4758069.23,Liangshui,55,3
538,Aretha,Watkin,awatkinex@typepad.com,Polygender,6991243.70,Bayan Gol,60,7
539,Court,Patesel,cpateseley@businesswire.com,Male,9128033.32,Masoli,60,11
540,Kesley,Hamblin,khamblinez@aboutads.info,Female,4194268.23,Arrah,30,4
541,Trumaine,Coull,tcoullf0@twitter.com,Bigender,18430199.07,Owczarnia,40,2
542,Del,Jedrzejewski,djedrzejewskif1@privacy.gov.au,Male,10636675.12,Cimenga,21,3
543,Babs,Agge,baggef2@economist.com,Female,15719334.87,Ngembel,25,5
544,Boote,Shutte,bshuttef3@histats.com,Male,2156278.17,Nerekhta,36,9
545,Quinton,Sever,qseverf4@bloomberg.com,Male,5499944.79,Constantia,64,10
546,Hyacinthia,Batram,hbatramf5@sciencedirect.com,Female,14716811.98,Jönköping,49,10
547,Maximilien,Marioneau,mmarioneauf6@accuweather.com,Male,1561574.56,Bogandinskiy,47,8
548,Fancie,Penhalurick,fpenhalurickf7@yale.edu,Female,2187231.53,Klumbu,23,4
549,Winifred,Meldrum,wmeldrumf8@edublogs.org,Female,11336624.07,Soljani,45,1
550,Lemuel,Sansum,lsansumf9@disqus.com,Male,4190727.59,Weekaka,65,3
551,Dennis,Spieght,dspieghtfa@fotki.com,Male,7995306.02,Irvine,63,6
552,Claire,Will,cwillfb@diigo.com,Male,16868149.63,Bonao,63,9
553,Archambault,Tollemache,atollemachefc@mashable.com,Male,13567016.86,San Juan,62,1
554,Erina,Cremin,ecreminfd@topsy.com,Female,15244308.97,Paiçandu,35,1
555,Cord,Brandts,cbrandtsfe@simplemachines.org,Male,2508411.91,Olafulihaa,23,6
556,Rockey,Mudge,rmudgeff@bbb.org,Male,2948168.60,Wola Jachowa,39,14
557,Barnard,Elfes,belfesfg@miibeian.gov.cn,Male,4028537.12,Guadalupe,42,9
558,Davidson,MacQuist,dmacquistfh@telegraph.co.uk,Male,13213135.13,Tariji,42,13
559,Carine,Lesly,cleslyfi@house.gov,Female,4404751.78,Dongtai,25,10
560,Alfredo,Fieldsend,afieldsendfj@github.com,Male,2008581.57,Azurduy,64,3
561,Lurette,Leithgoe,lleithgoefk@example.com,Non-binary,11550085.44,Radenka,53,11
562,Salvador,Castagnone,scastagnonefl@hubpages.com,Male,6284420.11,Mölndal,62,11
563,Nedda,Minkin,nminkinfm@java.com,Female,18973214.74,Ropcha,32,8
564,Teador,Ferrant,tferrantfn@facebook.com,Male,1300060.08,Aguiar da Beira,22,6
565,Shantee,Lamond,slamondfo@cdc.gov,Female,1678556.91,Rende,30,7
566,Winny,Rewbottom,wrewbottomfp@google.ca,Male,4040160.79,Santa Rosa,44,11
567,Amalle,Enric,aenricfq@cnbc.com,Female,4917453.58,Tours,27,11
568,Gale,Hoff,ghofffr@statcounter.com,Female,14015590.38,Odeleite,47,6
569,Nataniel,Swale,nswalefs@people.com.cn,Male,13690435.55,Anju,49,13
570,Pepita,Rafe,prafeft@bizjournals.com,Female,10039242.31,Protvino,28,5
571,Whitney,Soares,wsoaresfu@desdev.cn,Female,4742814.48,Xiaoqi,37,6
572,Benjamen,Ovesen,bovesenfv@senate.gov,Male,15528517.04,Lyon,56,9
573,Netty,Lohde,nlohdefw@vk.com,Female,9902944.05,Utabi,46,10
574,Hewe,Laflin,hlaflinfx@facebook.com,Male,9218904.54,Paris La Défense,64,4
575,Aldus,McCumesky,amccumeskyfy@sohu.com,Male,18783718.72,Itéa,51,5
576,Daniela,Woodings,dwoodingsfz@tmall.com,Agender,8408665.24,Barcarena,32,9
577,Aylmar,McCarrick,amccarrickg0@opera.com,Male,1535366.27,Orlândia,48,10
578,Talia,Mycock,tmycockg1@mail.ru,Female,8004892.07,Sarzedo,47,11
579,Alejandra,Eagland,aeaglandg2@sitemeter.com,Female,9581175.69,Cikiwul Satu,47,15
580,Caralie,Vouls,cvoulsg3@upenn.edu,Female,4662238.13,Jingtou,44,2
581,Elisha,Whiffin,ewhiffing4@symantec.com,Male,17627524.29,Le Mans,56,3
582,Daniel,Markussen,dmarkusseng5@gizmodo.com,Male,7038711.75,Tissa,62,4
583,Tatiana,Monery,tmoneryg6@digg.com,Female,16210260.37,Hovtamej,31,14
584,Maison,Taylorson,mtaylorsong7@opera.com,Male,5871996.85,Tanjung,22,11
585,Kitti,Hovenden,khovendeng8@aol.com,Genderfluid,19518441.71,San Lorenzo,28,14
586,Adam,Charrett,acharrettg9@patch.com,Male,6476299.83,Oygon,53,4
587,Linnell,Sinncock,lsinncockga@microsoft.com,Female,19269314.44,Salaberry-de-Valleyfield,40,1
588,Ella,Torel,etorelgb@shop-pro.jp,Female,4675370.14,Khān Arnabah,32,14
589,Richie,Radsdale,rradsdalegc@wisc.edu,Male,6547947.03,Skien,44,8
590,Meggie,Joseff,mjoseffgd@hao123.com,Female,17436152.26,Fanzhuang,32,6
591,Tarra,Kowalik,tkowalikge@psu.edu,Female,18648492.95,Suibara,58,8
592,Marc,Gonsalvo,mgonsalvogf@virginia.edu,Polygender,4844352.41,Shinshiro,65,1
593,Fleur,Moran,fmorangg@bloomberg.com,Non-binary,14776303.35,Huacapampa,39,7
594,Craggie,Turton,cturtongh@1688.com,Male,9526263.99,Pindi Gheb,39,10
595,Melicent,Milson,mmilsongi@php.net,Bigender,9335857.47,Montijo,20,1
596,Tarra,MacCarrick,tmaccarrickgj@wired.com,Female,12181846.55,Cuihuangkou,46,10
597,Cchaddie,Coton,ccotongk@theatlantic.com,Male,10427194.95,Bayanhoshuu,41,8
598,Carlin,Pickthorne,cpickthornegl@cisco.com,Female,14769432.53,Pindi Gheb,45,7
599,Fae,Jacques,fjacquesgm@tripod.com,Female,10769148.94,Bartniczka,42,14
600,Tatiania,Pothecary,tpothecarygn@ftc.gov,Female,13391684.53,Balīlā,56,12
601,Carolee,Larraway,clarrawaygo@apple.com,Female,8013856.19,Ellinikó,43,12
602,Odell,Lassetter,olassettergp@posterous.com,Genderqueer,12682130.34,‘Ābūd,65,8
603,Sue,Mossom,smossomgq@123-reg.co.uk,Female,6411170.25,Muḩammad Āghah Wuluswālī,49,10
604,Mozes,Shimmings,mshimmingsgr@google.com.hk,Male,13089274.09,Wucheng,52,3
605,Kristan,Matchett,kmatchettgs@angelfire.com,Female,17156031.26,Sendangagung,22,11
606,Emmy,Moorrud,emoorrudgt@admin.ch,Female,6544814.52,Langkou,56,6
607,Adolph,Dimblebee,adimblebeegu@europa.eu,Male,13017300.46,Prabuty,42,15
608,Lyda,Maker,lmakergv@apple.com,Female,2944212.07,Aş Şafaqayn,34,14
609,Debra,Skellon,dskellongw@360.cn,Female,14304063.98,Rizokárpaso,44,11
610,Dory,Rawnsley,drawnsleygx@acquirethisname.com,Female,13879675.86,Capitán Solari,38,7
611,Ramona,Snibson,rsnibsongy@wisc.edu,Female,4163887.84,Mondorf-les-Bains,45,8
612,Benny,Byne,bbynegz@tuttocitta.it,Polygender,8059406.03,Krajan Caluk,33,2
613,Abner,Shewen,ashewenh0@phpbb.com,Male,14079720.83,Perzów,32,6
614,Mindy,Dutteridge,mdutteridgeh1@stanford.edu,Female,13056821.57,Kuznetsovs’k,50,10
615,Giustino,Scemp,gscemph2@si.edu,Male,8887811.14,Mainang,50,7
616,Lynea,Danjoie,ldanjoieh3@over-blog.com,Female,3606722.53,Mambi,23,9
617,Harmon,Shadwick,hshadwickh4@nature.com,Male,1912447.59,Dzików Stary,62,1
618,Kirbee,Jindracek,kjindracekh5@sfgate.com,Female,18654409.18,Viangxai,31,5
619,Danni,Attenburrow,dattenburrowh6@csmonitor.com,Bigender,11161503.16,Ol’gino,38,1
620,Joellen,Jurasek,jjurasekh7@java.com,Female,11186672.07,Belo Horizonte,30,2
621,Griffie,Gabbott,ggabbotth8@behance.net,Agender,5361554.84,Tangshan,27,1
622,Justin,Readmire,jreadmireh9@timesonline.co.uk,Male,12239195.78,Kota Kinabalu,20,9
623,Westbrooke,Josling,wjoslingha@discuz.net,Male,16716177.23,Angra do Heroísmo,37,15
624,Kay,Mylan,kmylanhb@nsw.gov.au,Female,17088726.81,Pulap,35,14
625,Kellsie,Ogglebie,kogglebiehc@tripadvisor.com,Female,6233393.69,Kesha,27,15
626,Ethelind,Aisman,eaismanhd@mtv.com,Female,18309129.39,Hou’an,40,3
627,Morty,Kitchingham,mkitchinghamhe@wikispaces.com,Male,13420128.34,Kui Buri,22,10
628,Olivero,Seakings,oseakingshf@dot.gov,Male,11793294.15,Saryaghash,43,15
629,Patrizia,Spennock,pspennockhg@ca.gov,Female,12104124.85,Muleba,34,14
630,Seymour,Spellward,sspellwardhh@ihg.com,Male,15576038.64,Brejo da Madre de Deus,44,6
631,Daphne,Saul,dsaulhi@apple.com,Female,7055520.24,Villavicencio,42,14
632,Kippy,Geke,kgekehj@github.com,Female,13959975.55,Caracol,63,12
633,Clementia,Olivetti,colivettihk@nydailynews.com,Genderfluid,17280054.62,Bilajari,62,2
634,Pattie,Zouch,pzouchhl@wikispaces.com,Female,7196453.59,Baranowo,50,2
635,Irvine,MacGinney,imacginneyhm@bbb.org,Male,15131254.01,Villa María,58,2
636,Mab,Bagshaw,mbagshawhn@icq.com,Female,14857907.48,San Jose,50,14
637,Cleon,Heinrici,cheinriciho@ucoz.ru,Genderqueer,4673364.47,El Rancho,26,2
638,Elias,Grindley,egrindleyhp@omniture.com,Male,18226652.63,Nerópolis,49,5
639,Isahella,MacCulloch,imaccullochhq@etsy.com,Female,13286173.78,Lamalewar,47,9
640,Denice,Buxey,dbuxeyhr@samsung.com,Female,14075558.27,Meilong,37,12
641,Harp,McAllester,hmcallesterhs@t.co,Male,8723382.95,Şaḩam,53,15
642,Daloris,Shard,dshardht@army.mil,Female,6523139.19,Maqbanah,60,1
643,Hugh,Maybury,hmayburyhu@discuz.net,Male,13058374.57,Qiling,33,15
644,Jolee,Askwith,jaskwithhv@nbcnews.com,Female,16667518.79,Haolin,52,8
645,Shirline,Lumley,slumleyhw@squidoo.com,Female,3893431.34,Angers,29,8
646,Reg,Ivan,rivanhx@mapy.cz,Male,15085221.94,Monte da Chaminé,32,13
647,Genevieve,Smithin,gsmithinhy@epa.gov,Female,15037640.93,Santa Catarina,32,7
648,Shirleen,Paule,spaulehz@gravatar.com,Female,1215927.15,Sioux City,50,14
649,Corabelle,Presley,cpresleyi0@dell.com,Female,2510416.11,Waihi Beach,39,11
650,Bondon,Gilphillan,bgilphillani1@arstechnica.com,Male,12347425.03,Taldan,62,13
651,Reinhold,Gladdifh,rgladdifhi2@aboutads.info,Male,6261652.96,Nsanje,25,2
652,Vale,Aloshechkin,valoshechkini3@mapy.cz,Female,9996233.23,Naranjal,45,2
653,Fara,Huske,fhuskei4@princeton.edu,Female,18507528.95,Buur Gaabo,36,11
654,Cecil,Szymonowicz,cszymonowiczi5@java.com,Female,15040702.66,Rueil-Malmaison,43,3
655,Lorelei,Bocke,lbockei6@cloudflare.com,Female,6687043.80,Espinosa,51,7
656,Talia,Hulke,thulkei7@wikimedia.org,Female,10780500.77,Donja Brela,32,15
657,Dean,Diggles,ddigglesi8@globo.com,Male,1285668.90,Kakanj,42,11
658,Angelica,Sparwell,asparwelli9@domainmarket.com,Bigender,11674031.56,Al Aḩmadī,26,7
659,Dasya,Davidsen,ddavidsenia@miitbeian.gov.cn,Female,1351240.14,Muritiba,56,2
660,Myrtie,Halliday,mhallidayib@census.gov,Female,11139122.58,Abbeville,54,3
661,Regan,Blazevic,rblazevicic@newyorker.com,Bigender,17898603.40,Paka,27,3
662,Tomkin,Elion,telionid@google.it,Male,14274315.52,Međa,56,11
663,Harlen,Tolmie,htolmieie@senate.gov,Agender,15698955.49,San Borja,64,7
664,Yancy,Piercy,ypiercyif@tumblr.com,Male,11010951.88,Comitancillo,44,5
665,Othella,Toopin,otoopinig@feedburner.com,Female,3657795.61,Rauco,62,4
666,Ely,Arnaudon,earnaudonih@scribd.com,Male,19569199.06,Göteborg,36,6
667,Creighton,Vince,cvinceii@trellian.com,Male,2860674.15,Yaransk,43,7
668,Jacklin,Swindles,jswindlesij@nasa.gov,Female,17515528.63,Triandría,30,4
669,Stuart,Millery,smilleryik@ucoz.com,Male,9136841.68,Huayuan,65,14
670,Kinsley,Klimowski,kklimowskiil@slate.com,Male,16652217.17,Salvador,27,6
671,Fan,O'Breen,fobreenim@ezinearticles.com,Female,13394658.94,Huangjin,61,14
672,Adan,Larvin,alarvinin@1und1.de,Female,5910975.03,Gasi,58,3
673,Shena,Uman,sumanio@clickbank.net,Female,4862502.07,Linköping,64,3
674,Noak,Drysdell,ndrysdellip@gnu.org,Male,9756492.93,Socorro,24,13
675,Muhammad,Shorto,mshortoiq@virginia.edu,Male,8611406.03,Si Sa Ket,30,8
676,Wylie,Fincher,wfincherir@twitpic.com,Male,17140061.24,Aleg,61,8
677,Selie,Hyder,shyderis@slashdot.org,Female,13898371.63,Kaset Wisai,25,11
678,Mirilla,Manilow,mmanilowit@bravesites.com,Female,8807563.83,Dibulla,23,7
679,Francois,Beneix,fbeneixiu@4shared.com,Male,19917636.00,Yangjian,23,10
680,Dennie,Battleson,dbattlesoniv@parallels.com,Female,5619033.57,Ignacio Zaragoza,32,3
681,Aleksandr,Feighry,afeighryiw@vistaprint.com,Male,7982761.40,Ad Dasmah,39,10
682,Merwyn,Fick,mfickix@miitbeian.gov.cn,Male,8566004.72,Itabirito,26,9
683,Minta,Ardley,mardleyiy@cdbaby.com,Female,17118067.31,Huaidao,62,14
684,Gail,Cello,gcelloiz@com.com,Non-binary,14846583.12,Choros,34,4
685,Willi,Whayman,wwhaymanj0@blogger.com,Female,15964746.94,Beregovoy,42,13
686,Jere,Atheis,jatheisj1@fc2.com,Female,8502379.51,Nakhon Luang,56,12
687,Leslie,McManamen,lmcmanamenj2@dot.gov,Male,10556405.23,Santiago,32,2
688,Pacorro,Nazaret,pnazaretj3@biglobe.ne.jp,Male,8923771.00,Balud,64,10
689,Bern,Lardner,blardnerj4@mtv.com,Male,3367952.67,Bulung’ur,51,9
690,Leola,Yarker,lyarkerj5@wikispaces.com,Female,4239007.15,Fuente de Oro,57,7
691,Elisabeth,D'Alessio,edalessioj6@boston.com,Female,8913660.13,Nangkaruka,54,8
692,Jarid,MacCaughen,jmaccaughenj7@engadget.com,Male,19327588.05,Daeosin Satu,32,6
693,Fonsie,Oattes,foattesj8@cargocollective.com,Male,8471600.81,Jinhai,55,13
694,Susana,Presswell,spresswellj9@bravesites.com,Polygender,2855106.34,Kafir Yasif,60,2
695,Tanney,Dudenie,tdudenieja@cnn.com,Male,11109678.28,Yigo Village,61,6
696,Henderson,Wainscot,hwainscotjb@skyrock.com,Male,8977603.00,Datong,46,7
697,Susy,Haslin,shaslinjc@privacy.gov.au,Agender,2357096.97,Ploso Wetan,38,1
698,Myles,Kunzel,mkunzeljd@yahoo.com,Male,6286651.44,Dubki,58,11
699,Dulcea,Souness,dsounessje@usa.gov,Female,19387370.50,Hisings Kärra,33,7
700,Annabell,Lockett,alockettjf@redcross.org,Female,15760159.02,Minneapolis,44,2
701,Buddy,Hummerston,bhummerstonjg@tmall.com,Male,2890792.07,Ramain,28,1
702,Damien,Lockner,dlocknerjh@chronoengine.com,Male,1778372.68,Mỹ Xuyên,49,9
703,Rochette,Munn,rmunnji@usatoday.com,Polygender,10978236.22,Maswa,58,7
704,Harrietta,Issacoff,hissacoffjj@vk.com,Female,6120654.92,Gaoping,63,7
705,Cariotta,Pinkard,cpinkardjk@ucoz.com,Female,1105380.81,Sengeti,22,10
706,Stanislas,Portch,sportchjl@clickbank.net,Male,9651922.78,Phatthana Nikhom,56,10
707,Leonora,Pays,lpaysjm@timesonline.co.uk,Female,18292975.70,Nobres,52,10
708,Shel,Laden,sladenjn@amazon.co.uk,Female,10518435.97,Magok,57,1
709,Beatrix,Causer,bcauserjo@canalblog.com,Female,6434535.34,Ghāt,50,4
710,Deidre,Goodbar,dgoodbarjp@howstuffworks.com,Non-binary,11587742.41,Tanxi,27,10
711,Constantino,Hyder,chyderjq@comsenz.com,Male,14085138.81,Villa Mercedes,28,11
712,Daffy,Hens,dhensjr@huffingtonpost.com,Female,3451660.09,Kościerzyna,51,4
713,Sybilla,Krysztofowicz,skrysztofowiczjs@joomla.org,Female,13130753.78,Mariinsk,43,15
714,Bryn,Renfree,brenfreejt@bandcamp.com,Bigender,19881260.22,Yinjiang,52,1
715,Jonis,Bandey,jbandeyju@independent.co.uk,Bigender,11939685.12,San Juan,22,7
716,Harman,Domoney,hdomoneyjv@irs.gov,Male,12984136.26,Leninskiy,36,4
717,Abrahan,Dukes,adukesjw@springer.com,Male,2688417.56,Manjiang,61,8
718,Jeremiah,Halfhide,jhalfhidejx@google.com,Male,9719248.51,Juzhen,52,14
719,Wyatt,Goodreid,wgoodreidjy@ovh.net,Male,6260466.53,Liulin,42,14
720,Halie,Merryman,hmerrymanjz@amazon.com,Female,5556121.78,Longcun,56,2
721,Emmy,Pettican,epetticank0@chicagotribune.com,Male,16850622.77,Qumudi,44,8
722,Prent,Brodbin,pbrodbink1@shinystat.com,Male,9458607.21,Makhalino,50,13
723,Garfield,Piercey,gpierceyk2@exblog.jp,Male,11143338.51,Shinao,28,12
724,Conway,MacKeever,cmackeeverk3@illinois.edu,Male,18599967.88,Bolembre,50,12
725,Lek,Kerwin,lkerwink4@behance.net,Male,11503444.85,Vaitape,58,8
726,Tye,Delacroux,tdelacrouxk5@cbslocal.com,Male,15288718.70,Herálec,49,8
727,Pauli,Neill,pneillk6@ning.com,Female,1697877.81,Wieczfnia Kościelna,53,5
728,Stephani,Fahrenbacher,sfahrenbacherk7@baidu.com,Female,12678118.12,Semiletka,48,13
729,Cedric,Backson,cbacksonk8@illinois.edu,Male,17258289.18,Hofors,31,5
730,Marsiella,Cosin,mcosink9@go.com,Female,2119583.75,Néos Skopós,41,13
731,Maris,Lendrem,mlendremka@blinklist.com,Female,5130796.20,Blagoveshchensk,50,7
732,Morten,Dearell,mdearellkb@who.int,Bigender,11651936.78,Jiancha,41,11
733,Cheri,Crossfeld,ccrossfeldkc@youku.com,Female,13463287.95,Zhuping,65,14
734,Annadiane,Seawell,aseawellkd@smh.com.au,Female,14184671.59,Santa Catalina,43,12
735,Eben,Rance,eranceke@timesonline.co.uk,Male,3791569.43,Dalumangcob,24,6
736,Aubrey,Davson,adavsonkf@discovery.com,Male,8602037.70,Stenungsund,22,11
737,Collie,Palfreman,cpalfremankg@techcrunch.com,Female,4865380.34,Madjeouéni,52,14
738,Ingmar,Argrave,iargravekh@wunderground.com,Male,13417483.71,Caçador,42,14
739,Beverie,Avarne,bavarneki@techcrunch.com,Female,8512578.54,Septfontaines,22,4
740,Culley,Martelet,cmarteletkj@w3.org,Male,17603340.32,Sparks,48,12
741,Jervis,Lamberto,jlambertokk@cpanel.net,Male,5975881.14,Jieshui,21,4
742,Pauly,Ashbolt,pashboltkl@princeton.edu,Male,3906059.87,Yiánnouli,53,8
743,Berne,Du Plantier,bduplantierkm@si.edu,Male,2621506.87,Longxi,42,9
744,Hervey,Killoran,hkillorankn@360.cn,Male,2540515.45,Salaza,33,13
745,Mikaela,Ickovitz,mickovitzko@chicagotribune.com,Female,4773939.98,Anchorage,50,8
746,Fanni,Noorwood,fnoorwoodkp@tripod.com,Female,3413794.26,Kadengan,35,15
747,Marcus,Devine,mdevinekq@dailymail.co.uk,Male,5578028.24,Stockholm,31,7
748,Jerrilyn,Giacomuzzi,jgiacomuzzikr@sun.com,Female,9534333.40,Cipasung,51,1
749,Kirby,Blaver,kblaverks@tripod.com,Female,9891966.51,Luotuo,41,12
750,Zelda,Gillhespy,zgillhespykt@npr.org,Female,14345190.95,Castañas,58,4
751,Stevana,O'Corrane,socorraneku@deliciousdays.com,Female,6759929.54,Malabor,46,2
752,Dorita,Biddulph,dbiddulphkv@sun.com,Female,16820497.67,Omaha,59,2
753,Marvin,Snoxall,msnoxallkw@state.gov,Male,4709309.04,Djibouti,49,11
754,Tess,Sibthorp,tsibthorpkx@utexas.edu,Female,3509794.17,Potrerillos,49,5
755,Coleen,Waight,cwaightky@woothemes.com,Female,13209127.67,Bajos de Haina,59,7
756,Maximilian,Chattey,mchatteykz@cyberchimps.com,Male,3803109.20,Changyuan,22,11
757,Ardeen,Mellmoth,amellmothl0@addthis.com,Female,1354465.95,Čačinci,44,15
758,Osbourn,Cowern,ocowernl1@bluehost.com,Male,2062955.93,Kavieng,65,11
759,Sharla,Stammler,sstammlerl2@dagondesign.com,Female,8506240.50,Mungging,47,4
760,Veda,Janousek,vjanousekl3@wufoo.com,Female,3224442.46,Évry,61,6
761,Johannes,Dragge,jdraggel4@yolasite.com,Male,8548674.15,Telč,61,3
762,Rudolph,Pymer,rpymerl5@clickbank.net,Male,5715364.85,Changsha,37,11
763,Denice,Douthwaite,ddouthwaitel6@google.ca,Female,9970387.49,Póvoa,63,1
764,Philip,Awcock,pawcockl7@yelp.com,Male,1853520.76,Načeradec,53,9
765,Allie,Goodricke,agoodrickel8@webnode.com,Female,2599990.42,Binzhou,42,13
766,Duffie,Eversley,deversleyl9@narod.ru,Male,8574719.46,Kota Kinabalu,59,2
767,Lezley,Slyme,lslymela@netlog.com,Male,4358229.55,Dongshangguan,37,11
768,Benedetto,Worsom,bworsomlb@myspace.com,Male,18544471.00,Campoalegre,62,12
769,Worthy,Burnand,wburnandlc@prweb.com,Male,11053210.54,Ettal,36,3
770,Tabbitha,Poynton,tpoyntonld@nhs.uk,Female,11886842.43,Kiraman,39,5
771,Ugo,Gever,ugeverle@latimes.com,Male,19129671.37,Lovran,59,7
772,Massimiliano,Lerven,mlervenlf@t-online.de,Male,15779849.76,Silvino Lobos,40,3
773,Torey,Avrahamov,tavrahamovlg@fotki.com,Female,12282235.05,Salvador,55,4
774,Taylor,Guard,tguardlh@elegantthemes.com,Male,13663165.57,Tongxing,20,5
775,Sanford,Bafford,sbaffordli@rediff.com,Male,3037992.23,Dalam,43,9
776,Dilly,Farish,dfarishlj@biblegateway.com,Male,10933154.50,Houjiachuan,25,13
777,Lenore,Lammas,llammaslk@dailymotion.com,Female,13983604.12,Mogapi,57,14
778,Zebulon,Mooney,zmooneyll@state.gov,Male,6966736.06,Fuxing,20,4
779,Arv,Beekmann,abeekmannlm@ibm.com,Male,13493532.57,Dongxin,36,4
780,Lola,Arro,larroln@imgur.com,Female,10672958.00,Staryy Krym,51,1
781,Vlad,Cowill,vcowilllo@google.co.uk,Male,19649979.27,Lanhe,34,2
782,Francesca,Dellit,fdellitlp@businessweek.com,Female,15652517.51,Visby,27,2
783,Melloney,Redihalgh,mredihalghlq@1und1.de,Female,16018495.23,Taganskiy,31,3
784,Sonni,Mears,smearslr@sbwire.com,Female,18209406.47,El Aguacate,52,15
785,Monte,Puckrin,mpuckrinls@tuttocitta.it,Male,4623367.26,Santa Catalina Norte,51,15
786,Shelton,Guillond,sguillondlt@ca.gov,Male,6972954.79,Quintas,26,2
787,Hilary,Futty,hfuttylu@economist.com,Male,7760466.47,Ludwin,52,9
788,Rahel,Doge,rdogelv@indiegogo.com,Female,7062696.01,Yanjiang,51,2
789,Alfi,Novotni,anovotnilw@jigsy.com,Female,10744648.84,Kumanis,44,2
790,Erl,Cescoti,ecescotilx@dion.ne.jp,Male,10589767.20,Huangjin,37,7
791,Dulsea,Ickovic,dickovicly@phoca.cz,Female,10903955.90,Puyehue,36,11
792,Ayn,Jobbins,ajobbinslz@purevolume.com,Female,15875911.33,Rive-de-Gier,44,1
793,Ambrosius,Wishkar,awishkarm0@house.gov,Male,19204115.30,Stodolishche,23,14
794,Charlean,Paradine,cparadinem1@hexun.com,Female,10138114.50,Dailekh,37,9
795,Binky,Goublier,bgoublierm2@google.cn,Polygender,17326836.44,Wuying,33,15
796,Gilbert,Skepper,gskepperm3@google.co.uk,Male,6049999.78,Nishi-Tokyo-shi,46,9
797,Rutter,O'Hartagan,rohartaganm4@cdbaby.com,Male,8891573.85,Arıqıran,53,4
798,Piper,Balderson,pbaldersonm5@tripod.com,Female,4161729.64,Grekan,23,5
799,Gavan,Joiner,gjoinerm6@sphinn.com,Male,18553570.96,Gulong,25,9
800,Drona,Roderick,droderickm7@walmart.com,Female,15060076.96,Pursat,22,2
801,Beverley,Myderscough,bmyderscoughm8@slashdot.org,Female,8076298.88,Chlumec,26,14
802,Jennine,Basler,jbaslerm9@ycombinator.com,Female,18100775.88,Bjuv,49,13
803,Patten,Vokins,pvokinsma@chronoengine.com,Agender,5170627.59,Zhuangke,64,15
804,Phillida,Kovalski,pkovalskimb@discovery.com,Female,4935635.77,Bipolo,63,6
805,Farly,Lepere,fleperemc@bing.com,Male,3203533.50,Chongkan,32,10
806,Lucilia,Gherardi,lgherardimd@ca.gov,Female,17037991.86,Whitegate,48,10
807,Thayne,Laurent,tlaurentme@chronoengine.com,Male,4481791.82,Vetlanda,28,6
808,Abey,Rubenfeld,arubenfeldmf@pcworld.com,Male,5835542.26,Maia,32,10
809,Antony,Marzelo,amarzelomg@de.vu,Male,3667857.94,Rumilly,51,11
810,Aggy,Swale,aswalemh@naver.com,Female,6232076.15,Staryy Urukh,21,5
811,Abey,Garnson,agarnsonmi@reference.com,Male,6717625.32,El Benque,43,8
812,Alano,Bruna,abrunamj@mysql.com,Male,10418091.23,Luoxi,57,14
813,Jonis,Loughney,jloughneymk@ocn.ne.jp,Female,3593583.89,Doksy,50,8
814,Barby,Beards,bbeardsml@vinaora.com,Bigender,5281670.15,Skärholmen,52,9
815,Kayne,Flude,kfludemm@diigo.com,Non-binary,11588051.88,Baghdad,52,13
816,Martin,Ridesdale,mridesdalemn@gizmodo.com,Male,18443436.33,Round Rock,32,8
817,Thurston,Brazenor,tbrazenormo@wiley.com,Male,12279440.79,Kinatakutan,45,10
818,Shaylyn,Rodnight,srodnightmp@jigsy.com,Female,18949771.16,Dambulla,32,1
819,Rita,McArthur,rmcarthurmq@dedecms.com,Female,7862091.79,Eindhoven,32,6
820,Eberto,Juszczak,ejuszczakmr@myspace.com,Male,5369197.31,Shuanghejiedao,28,3
821,Claudina,Filisov,cfilisovms@usda.gov,Female,4329297.41,Dukuhmencek Lor,60,6
822,Ashby,Wallen,awallenmt@ow.ly,Male,18615200.54,Cruz Alta,41,1
823,Janetta,Doneld,jdoneldmu@prlog.org,Female,18255569.82,Saransk,26,11
824,Michal,Brusle,mbruslemv@hostgator.com,Female,7320496.98,Enonkoski,61,9
825,Shoshanna,O'Bradane,sobradanemw@php.net,Female,2603721.52,Nazran’,41,1
826,Eddie,Dreus,edreusmx@vinaora.com,Male,13342084.77,Cergy-Pontoise,35,3
827,Jilli,Ricardin,jricardinmy@domainmarket.com,Genderqueer,18568699.37,Besteiros,37,11
828,Alastair,Rosedale,arosedalemz@diigo.com,Male,16819471.30,Teresina,63,12
829,Conrado,Meddows,cmeddowsn0@disqus.com,Male,13759646.57,Nanmu,61,4
830,Raimund,Venmore,rvenmoren1@vimeo.com,Male,11465222.74,Barrī ash Sharqī,37,5
831,Joshuah,MacHarg,jmachargn2@about.com,Male,19969792.40,Xianshuigu,30,7
832,Cecelia,Vasenin,cvaseninn3@over-blog.com,Female,14498107.15,Kelīshād va Sūdarjān,63,1
833,Tobit,Summerley,tsummerleyn4@admin.ch,Male,7725379.88,Châteaudun,41,7
834,Kiersten,Edgerley,kedgerleyn5@newyorker.com,Female,17893828.99,Pandat,20,3
835,Dalli,Shulver,dshulvern6@trellian.com,Male,11786393.13,Guadalupe,65,8
836,Aurel,Downs,adownsn7@latimes.com,Female,18530298.70,General Manuel J. Campos,52,9
837,Darcey,Keeble,dkeeblen8@nps.gov,Female,4203995.05,Horní Jiřetín,21,5
838,Susette,Kitchin,skitchinn9@stumbleupon.com,Female,19280322.78,Ganjaran,49,12
839,Zedekiah,Postan,zpostanna@com.com,Genderqueer,5775410.23,Berber,38,15
840,Conrad,Guidera,cguideranb@unesco.org,Male,1211940.90,Balidian,64,9
841,Jud,Jeffers,jjeffersnc@telegraph.co.uk,Male,13115732.74,Göteborg,27,14
842,Dell,Savell,dsavellnd@skype.com,Male,19712179.98,Camp Diable,24,11
843,Herrick,Battaille,hbattaillene@kickstarter.com,Male,6067529.13,Zhongtai,41,7
844,Michelle,Sawell,msawellnf@washington.edu,Female,9840769.50,Kruševac,28,10
845,Hamish,Bockmaster,hbockmasterng@plala.or.jp,Male,10111155.06,Vichadero,52,12
846,Skipton,Aulds,sauldsnh@sphinn.com,Male,8279545.65,Isfahan,52,4
847,Averil,McFaell,amcfaellni@amazonaws.com,Female,5930606.99,Zhongdeng,41,12
848,Stanwood,Prue,spruenj@telegraph.co.uk,Male,7321023.11,Shuangpu,36,4
849,Karlen,Osichev,kosichevnk@fotki.com,Female,15540643.96,Nglojo,54,3
850,Tremain,Skipper,tskippernl@berkeley.edu,Polygender,15087140.02,Hägersten,21,3
851,Lockwood,Wordesworth,lwordesworthnm@columbia.edu,Male,17199178.41,Phlapphla Chai,40,2
852,Rufe,Dirr,rdirrnn@theatlantic.com,Male,7777118.18,Ribeirão Preto,57,9
853,Genevra,Lightoller,glightollerno@sakura.ne.jp,Female,6684483.32,Fazhan,45,5
854,Eloise,Duesbury,eduesburynp@sun.com,Female,19697684.46,Milwaukee,38,2
855,Olenolin,Bigland,obiglandnq@discuz.net,Male,12828029.58,Chur,22,6
856,Katti,Leynton,kleyntonnr@msn.com,Female,5967744.39,Tiantai Chengguanzhen,28,8
857,Vin,Penning,vpenningns@scribd.com,Female,12541843.77,Seupakat,29,13
858,Cal,Ashington,cashingtonnt@google.de,Male,18217597.39,Mpongwe,20,1
859,Noella,Gilbard,ngilbardnu@umn.edu,Female,11509974.27,Dikson,60,12
860,Andrey,Flewett,aflewettnv@purevolume.com,Bigender,16759574.27,Sunan,29,7
861,Fredelia,Teissier,fteissiernw@mapquest.com,Female,17849230.93,Devesa,25,11
862,Nat,Dandie,ndandienx@yahoo.co.jp,Polygender,7275787.18,Gaplokan,30,13
863,Lon,Creer,lcreerny@wisc.edu,Male,7410723.42,Boquira,21,2
864,Cassie,Booy,cbooynz@answers.com,Male,4715481.53,Skövde,32,1
865,Ingrim,Bennough,ibennougho0@mozilla.com,Non-binary,14466082.15,Beringin,32,12
866,Derwin,Bridel,dbridelo1@vk.com,Male,16720725.90,Quemú Quemú,26,3
867,Birch,Harcombe,bharcombeo2@exblog.jp,Male,9620062.31,Albi,54,15
868,Ulberto,Camm,ucammo3@toplist.cz,Male,12476749.65,Monterrey,39,9
869,Brietta,Woan,bwoano4@youtu.be,Female,9818887.44,Padamulya,45,8
870,Horacio,Eyeington,heyeingtono5@soundcloud.com,Bigender,4279411.65,Quma,26,3
871,Harlin,Grinter,hgrintero6@naver.com,Male,2989981.75,San Miguel,35,14
872,Briney,Bester,bbestero7@loc.gov,Female,14584240.10,Wuyang,49,1
873,Gardy,Troy,gtroyo8@amazon.com,Male,19074865.38,Ngala,40,2
874,Patton,Gentile,pgentileo9@google.com.br,Male,8043450.83,Qiping,33,2
875,Stanislaus,Griffith,sgriffithoa@mtv.com,Male,10643158.16,Dayton,43,2
876,Branden,Rattenberie,brattenberieob@ehow.com,Male,5881138.00,Zhongpai,33,11
877,Jenine,Doldon,jdoldonoc@telegraph.co.uk,Female,19287173.46,Zeya,28,5
878,Wandis,Knewstub,wknewstubod@hibu.com,Agender,16231831.70,Plymouth,37,3
879,Zorine,Ward,zwardoe@irs.gov,Bigender,12570777.31,Oumé,30,11
880,Hedwig,Tipping,htippingof@usda.gov,Female,15793904.96,Töysä,43,14
881,Bernie,Lambal,blambalog@foxnews.com,Male,1570321.13,Cibugel,52,15
882,Hussein,Chittleburgh,hchittleburghoh@huffingtonpost.com,Male,5106217.09,Huanghuai,64,10
883,Maegan,Fitch,mfitchoi@yale.edu,Female,11647774.65,Shijia,24,7
884,Juliana,Sidlow,jsidlowoj@yale.edu,Female,1080048.27,Goba,39,11
885,Holden,Blasing,hblasingok@earthlink.net,Male,1117335.70,Gesikan,48,12
886,Kris,Petken,kpetkenol@soundcloud.com,Female,11775538.43,Yangyuan,65,6
887,Aurora,Jenton,ajentonom@usnews.com,Female,4923458.72,Sūrāb,39,10
888,Lancelot,Yukhnevich,lyukhnevichon@theguardian.com,Male,16162423.04,Pandan,33,8
889,Silva,Twiggins,stwigginsoo@hp.com,Female,14717706.91,Shahe,55,10
890,Amaleta,Silversmidt,asilversmidtop@xing.com,Female,14354212.55,Kadubincarung,56,3
891,Ainslee,Pocock,apocockoq@hubpages.com,Female,3445173.33,Kogon,51,13
892,Garrard,Sieb,gsiebor@wikia.com,Male,1299492.38,Lashio,38,5
893,Clair,Zienkiewicz,czienkiewiczos@moonfruit.com,Male,5749689.00,Várzea de Sintra,30,3
894,Maris,Bruckenthal,mbruckenthalot@storify.com,Genderqueer,19301665.75,Bęczarka,45,13
895,Liza,Tomich,ltomichou@google.com,Female,11015675.87,Jämsänkoski,61,5
896,Lorrin,Lascelles,llascellesov@sogou.com,Female,7289182.57,Gamut,24,7
897,Kristo,Pollen,kpollenow@netvibes.com,Male,11468141.41,Miaoshi,31,7
898,Demetris,McCormick,dmccormickox@uiuc.edu,Genderqueer,19173940.53,Basqal,49,7
899,Bud,Shetliff,bshetliffoy@addthis.com,Male,15595266.07,Parravak’ar,57,13
900,Inga,Jorcke,ijorckeoz@forbes.com,Genderqueer,4513155.28,Naberera,60,5
901,Redford,Bengle,rbenglep0@shareasale.com,Male,17682897.14,Narganá,20,3
902,Reine,Rizzotto,rrizzottop1@europa.eu,Female,5630610.55,Camaquã,58,11
903,Piper,Pischof,ppischofp2@rambler.ru,Female,17069926.39,Yanglong,37,3
904,Todd,Maidlow,tmaidlowp3@nsw.gov.au,Male,19097664.90,Ntaur Satu,37,13
905,Any,Fredi,afredip4@flickr.com,Male,9267342.95,Ngala,49,6
906,Dot,Regitz,dregitzp5@cam.ac.uk,Female,10048393.23,Cipari,56,7
907,Yetty,Simpson,ysimpsonp6@canalblog.com,Female,3929807.87,Kuala Lumpur,26,15
908,Ardyce,Hosburn,ahosburnp7@networkadvertising.org,Female,14783882.85,Kovářská,39,10
909,Willa,Lindl,wlindlp8@phpbb.com,Agender,17743157.09,Marne-la-Vallée,30,15
910,Udall,Simmgen,usimmgenp9@cornell.edu,Male,5073070.40,Ngurore,51,11
911,Bridgette,Abate,babatepa@deviantart.com,Female,9258805.02,Kyela,26,4
912,Juliette,Borrott,jborrottpb@newyorker.com,Female,11043275.48,Cikiwul Satu,32,12
913,Julia,Swabey,jswabeypc@shop-pro.jp,Female,4989556.26,Arrepiado,59,9
914,Melania,Waulker,mwaulkerpd@yahoo.co.jp,Female,16428997.95,Áyios Nikólaos,39,3
915,Quinlan,Gookey,qgookeype@ucoz.ru,Genderqueer,12182152.39,Ponta da Garça,55,9
916,Leonid,Teesdale,lteesdalepf@nba.com,Male,6888659.19,Martingança,52,1
917,Brigitte,Di Roberto,bdirobertopg@upenn.edu,Female,15858684.14,Bukomansimbi,35,11
918,Cully,Craske,ccraskeph@hatena.ne.jp,Male,4694744.55,Luwan,64,11
919,Guillaume,Commins,gcomminspi@nature.com,Male,17572997.97,Qaşr al Farāfirah,30,7
920,Geordie,Schrieves,gschrievespj@apache.org,Male,7638283.14,Maojiadian,47,14
921,Grover,Darrigone,gdarrigonepk@ask.com,Male,15974633.65,General La Madrid,25,8
922,Nesta,Elnaugh,nelnaughpl@feedburner.com,Female,15638255.64,Ulee Gle,28,5
923,Ram,Tremollet,rtremolletpm@odnoklassniki.ru,Male,13146875.58,Shuiquan,22,10
924,Jori,Joire,jjoirepn@soup.io,Female,10305315.92,Tangwang,33,3
925,Hymie,Ruddlesden,hruddlesdenpo@angelfire.com,Male,18394965.69,Kudang,36,4
926,Neda,Lawson,nlawsonpp@yandex.ru,Female,3613919.84,Miliangju,49,6
927,Ivie,Grandison,igrandisonpq@blogger.com,Female,10936460.65,Qiandeng,30,2
928,Issy,Servante,iservantepr@cdc.gov,Female,10732720.92,Vendychany,41,5
929,Hallsy,Petre,hpetreps@discovery.com,Male,6275950.95,Xiangfu,21,11
930,Lishe,Wallbank,lwallbankpt@cmu.edu,Female,18063389.39,Yangjian,40,5
931,Homere,Huckabe,hhuckabepu@google.pl,Male,3920552.95,Camaquã,47,8
932,Carlie,Danis,cdanispv@eventbrite.com,Male,5849927.75,Giedlarowa,32,2
933,Ellery,Vinter,evinterpw@so-net.ne.jp,Male,9509268.27,Calamba,55,11
934,Conrado,Ofener,cofenerpx@harvard.edu,Male,2552725.27,Sabaneta,42,6
935,Lion,Ribbens,lribbenspy@wsj.com,Male,1042854.82,Lapai,57,1
936,Douglas,Dongall,ddongallpz@ted.com,Male,13626398.48,Gandu,34,2
937,Tripp,Albisser,talbisserq0@whitehouse.gov,Male,1565916.73,Baunu-Timbangan,59,15
938,Gerda,Duffyn,gduffynq1@xing.com,Female,7817033.66,Erdenet,50,7
939,Miguelita,Baile,mbaileq2@state.gov,Female,18629082.36,Yezhu,29,13
940,Mariya,Danielot,mdanielotq3@g.co,Polygender,15603534.54,Leuwipicung,52,1
941,Layne,Baudichon,lbaudichonq4@tamu.edu,Female,17600414.62,Brzeźnica,52,9
942,Andra,Wallsworth,awallsworthq5@ted.com,Female,8039118.64,Yijiang,20,3
943,Lindsay,Hartrick,lhartrickq6@paginegialle.it,Female,19597549.25,Zhuli,36,11
944,Waldon,Haet,whaetq7@wisc.edu,Male,9330507.10,Floreşti,22,15
945,Fax,Mohammed,fmohammedq8@goo.ne.jp,Male,12842695.89,Chybie,32,13
946,Fan,Shercliff,fshercliffq9@ezinearticles.com,Female,15103471.84,Baborów,42,3
947,Shanie,Heinecke,sheineckeqa@independent.co.uk,Female,5507352.54,Pho Duc,20,5
948,Gay,Killoran,gkilloranqb@networkadvertising.org,Male,3825016.19,Umunede,34,2
949,Simone,Fowle,sfowleqc@friendfeed.com,Male,2467178.79,Ust’-Dzheguta,43,14
950,Bonny,Rosenfeld,brosenfeldqd@godaddy.com,Female,12988270.84,Jinchang,23,8
951,Marcelo,Longhorne,mlonghorneqe@ucoz.com,Male,11153303.47,Iwata,47,11
952,Jody,Oxshott,joxshottqf@fastcompany.com,Female,6383957.80,Tegalgede,54,10
953,Julieta,Crab,jcrabqg@tmall.com,Female,13280693.64,Dadong,31,8
954,Deonne,Killimister,dkillimisterqh@lulu.com,Female,9488450.92,Sa‘sa‘,51,8
955,Wrennie,Garforth,wgarforthqi@about.com,Female,10423516.29,Solok,62,6
956,Sabina,Fallens,sfallensqj@qq.com,Female,8684032.87,Cerrito,49,6
957,Wolfie,Abrey,wabreyqk@jimdo.com,Male,11117624.93,Al Ghizlānīyah,30,2
958,Karlene,Hugnin,khugninql@ft.com,Female,6560676.56,Tarouca,55,6
959,Holli,Wontner,hwontnerqm@lycos.com,Female,11768595.38,Ponjen,61,10
960,Pearla,Havercroft,phavercroftqn@tumblr.com,Female,4624643.01,Mandráki,26,9
961,Mariellen,Nappin,mnappinqo@gmpg.org,Female,16416636.59,Vĩnh Thuận,65,2
962,Dasha,Pritchard,dpritchardqp@ebay.co.uk,Female,11539035.75,Calingcuan,59,10
963,Georgena,Bulcock,gbulcockqq@usa.gov,Female,9401461.10,Encontrados,32,15
964,Alanna,Keep,akeepqr@flickr.com,Female,9476129.51,Szczecinek,20,11
965,Kissee,Parnby,kparnbyqs@g.co,Female,10504706.37,Néa Karyá,38,1
966,Brit,Cucuzza,bcucuzzaqt@wikia.com,Female,14992626.88,Renhe,58,10
967,Thaxter,Laroze,tlarozequ@theguardian.com,Male,12006377.42,Nakkila,22,8
968,Weston,Cashford,wcashfordqv@bing.com,Male,9913449.06,Ijuw,49,12
969,Alia,Cray,acrayqw@edublogs.org,Female,16209148.86,Caloue,50,1
970,Hamel,Skuce,hskuceqx@com.com,Male,4666469.90,Žitenice,22,3
971,Basil,Dolan,bdolanqy@opensource.org,Male,13751403.74,Karangkedawung,56,12
972,Gilligan,Brisker,gbriskerqz@nps.gov,Female,13612898.78,Sumberrejo,46,12
973,Aleen,Kilfedder,akilfedderr0@4shared.com,Female,1369698.31,Aba,61,4
974,Kerby,Heakins,kheakinsr1@illinois.edu,Non-binary,16117872.98,Wulipu,64,7
975,Daven,Stitcher,dstitcherr2@blogger.com,Male,1491942.99,Rixinhe,56,13
976,Leonardo,Liebmann,lliebmannr3@smh.com.au,Male,18651839.40,Campoalegre,32,15
977,Jamison,Morter,jmorterr4@opensource.org,Male,16453795.07,Sabaneta,23,7
978,Frazer,Northover,fnorthoverr5@stumbleupon.com,Male,2733587.68,Henghe,26,5
979,Ogden,Oliff,ooliffr6@xing.com,Male,19838032.30,Hechun,61,1
980,Worden,Thresher,wthresherr7@wisc.edu,Male,12085992.52,Berlin,39,1
981,Ward,Perceval,wpercevalr8@wordpress.org,Male,10643217.42,Mbanza Congo,53,14
982,Cameron,Gaudon,cgaudonr9@1688.com,Male,3578104.00,Inanwatan,33,3
983,Roarke,Riach,rriachra@dmoz.org,Male,14875340.88,Durrës,63,2
984,Eyde,Andreini,eandreinirb@i2i.jp,Female,13211752.78,Dasongshu,47,11
985,Nikolia,Gomar,ngomarrc@usda.gov,Non-binary,18535765.73,Svetogorsk,63,12
986,Abie,Robison,arobisonrd@ifeng.com,Male,8758028.92,Triesenberg,56,6
987,Kristin,Kilfeather,kkilfeatherre@upenn.edu,Female,13598245.89,Novovolyns’k,44,6
988,Barnabe,Coey,bcoeyrf@twitpic.com,Male,12543488.06,Ekpoma,60,8
989,Marilin,Skase,mskaserg@ucoz.com,Female,17851067.83,Cajueiro,57,15
990,Gannon,McTrusty,gmctrustyrh@skype.com,Male,11027204.88,Tuguanpu,29,1
991,Germayne,Le febre,glefebreri@ted.com,Male,9778073.89,Vorob’yovo,50,1
992,Abigail,Grogor,agrogorrj@senate.gov,Female,9337480.45,Göteborg,49,11
993,Josepha,Comar,jcomarrk@gmpg.org,Female,10150570.43,Jiefu,30,7
994,Modestia,Witcomb,mwitcombrl@ycombinator.com,Female,11257489.60,Robertsfors,39,11
995,Debbie,Pinner,dpinnerrm@booking.com,Female,14155210.71,Athy,50,13
996,Marco,Tabert,mtabertrn@e-recht24.de,Male,12308247.48,Gorna Oryakhovitsa,55,9
997,Lusa,Blencoe,lblencoero@vkontakte.ru,Female,6415476.70,Bratsigovo,43,9
998,Rickert,Irnys,rirnysrp@wiley.com,Male,7682729.46,Obiliq,20,15
999,Ruggiero,Sparwell,rsparwellrq@phpbb.com,Male,1741783.22,Fāraskūr,30,9
1000,Royal,Ghent,rghentrr@php.net,Male,8638613.94,Bojonggenteng,27,2
